,Unnamed: 0.3,Unnamed: 0.2,Unnamed: 0.1,Unnamed: 0,Player_name,Role,Total_runs,Strike_rate,Total_balls_faced,Total_wickets_taken,Total_runs_conceded,Total_overs_bowled,Total_matches_played,Matches_played_as_batter,Matches_played_as_bowler,Matches_won,Matches_lost,Player_of_match_awards,Team,Average
0,0,0,0,0,V Kohli,Batter,13784,91.70381212,15031,7,681,671,579,579,0,360,219,41,India,1969.142857
1,1,1,1,2,RG Sharma,Batter,10646,90.35817348,11782,11,538,614,577,577,0,358,219,23,India,967.8181818
2,2,2,2,3,MS Dhoni,Batter,10274,84.97932175,12090,1,32,38,575,575,0,356,219,20,India,10274.0
3,3,3,3,4,AB de Villiers,Batter,9435,99.44139966,9488,7,205,201,466,466,0,286,180,26,South Africa,1347.857143
4,4,4,4,5,TM Dilshan,Batter,9212,85.47833349,10777,97,4197,5141,510,510,0,237,273,24,Sri Lanka,94.96907216
5,5,5,5,7,DPMD Jayawardene,Batter,8040,78.57701329,10232,2,63,72,510,510,0,237,273,12,Sri Lanka,4020.0
6,6,6,6,10,MJ Guptill,Batter,7125,85.24766691,8358,4,100,116,444,444,0,231,213,22,New Zealand,1781.25
7,7,7,7,12,MJ Clarke,Batter,6988,76.83342496,9095,56,1868,2264,545,545,0,381,164,10,Australia,124.7857143
8,8,8,8,15,Yuvraj Singh,Batter,6868,85.45477168,8037,99,3438,4028,579,579,0,360,219,20,India,69.37373737
9,9,9,9,20,CH Gayle,Batter,6433,86.53483992,7434,112,3569,4517,427,427,0,165,262,13,West Indies,57.4375
10,10,10,10,21,SR Tendulkar,Batter,6432,84.55370054,7607,31,1420,1545,574,574,0,356,218,16,India,207.483871
11,11,11,11,22,Mohammad Hafeez,Batter,6351,76.08721696,8347,142,5081,7303,468,468,0,227,241,19,Pakistan,44.72535211
12,12,12,12,23,V Sehwag,Batter,5692,101.9340974,5584,58,2083,2475,574,574,0,356,218,15,India,98.13793103
13,13,13,13,25,AD Mathews,Batter,5646,81.42486299,6934,137,4068,5205,512,512,0,237,275,9,Sri Lanka,41.21167883
14,14,14,14,26,SK Raina,Batter,5585,90.85732878,6147,42,1832,2147,579,579,0,360,219,11,India,132.9761905
15,15,15,15,27,SPD Smith,Batter,5549,85.38236652,6499,29,985,1081,543,543,0,381,162,11,Australia,191.3448276
16,16,16,16,28,F du Plessis,Batter,5445,86.59351145,6288,2,191,197,470,470,0,290,180,9,South Africa,2722.5
17,17,17,17,29,SR Watson,Batter,5357,90.04874769,5949,162,4780,5690,544,544,0,381,163,15,Australia,33.06790123
18,18,18,18,30,IR Bell,Batter,5289,75.58953837,6997,6,89,92,518,518,0,295,223,9,England,881.5
19,19,19,19,31,AJ Finch,Batter,5188,84.56397718,6135,5,259,287,544,544,0,381,163,7,Australia,1037.6
20,20,20,20,33,BRM Taylor,Batter,5130,74.03665753,6929,4,279,262,277,277,0,66,211,4,Zimbabwe,1282.5
21,21,21,21,34,Mahmudullah,Batter,5127,75.45253863,6795,83,3605,4086,345,345,0,134,211,4,Bangladesh,61.77108434
22,22,22,22,35,MEK Hussey,Batter,5076,84.43113772,6012,4,237,249,545,545,0,381,164,11,Australia,1269.0
23,23,23,23,39,JP Duminy,Batter,4928,82.32542599,5986,74,3094,3460,470,470,0,290,180,7,South Africa,66.59459459
24,24,24,24,40,Younis Khan,Batter,4777,74.51255654,6411,1,217,222,469,469,0,227,242,10,Pakistan,4777.0
25,25,25,25,43,ST Jayasuriya,Batter,4402,92.13059858,4778,105,3194,4004,510,510,0,237,273,14,Sri Lanka,41.92380952
26,26,26,26,46,MN Samuels,Batter,4205,74.37212593,5654,66,2952,3692,426,426,0,165,261,12,West Indies,63.71212121
27,27,27,27,47,KP Pietersen,Batter,4202,84.20841683,4990,8,368,403,518,518,0,295,223,9,England,525.25
28,28,28,28,48,PD Collingwood,Batter,4132,75.1682736,5497,96,3444,4250,518,518,0,295,223,10,England,43.04166667
29,29,29,29,51,H Masakadza,Batter,3955,70.04959263,5646,22,1174,1249,277,277,0,66,211,3,Zimbabwe,179.7727273
30,30,30,30,58,RR Sarwan,Batter,3717,72.27299242,5143,16,393,383,427,427,0,165,262,6,West Indies,232.3125
31,31,31,31,61,GJ Maxwell,Batter,3655,120.5872649,3031,78,3441,3812,544,544,0,381,163,11,Australia,46.85897436
32,32,32,32,63,MM Lanning,Batter,3555,89.20953576,3985,1,44,45,527,527,0,367,160,11,Australia,3555.0
33,33,33,33,64,S Mandhana,Batter,3526,87.99600699,4007,1,36,24,578,578,0,359,219,11,India,3526.0
34,34,34,34,65,Fakhar Zaman,Batter,3434,92.28701962,3721,1,112,135,461,461,0,222,239,9,Pakistan,3434.0
35,35,35,35,66,EA Perry,Batter,3356,78.22843823,4290,83,2352,3198,533,533,0,372,161,16,Australia,40.43373494
36,36,36,36,67,PR Stirling,Batter,3338,85.3490156,3911,26,1227,1485,164,164,0,60,104,7,Ireland,128.3846154
37,37,37,37,68,E Chigumbura,Batter,3266,77.11924439,4235,88,3551,3753,277,277,0,66,211,6,Zimbabwe,37.11363636
38,38,38,38,69,SW Bates,Batter,3245,75.85320243,4278,25,1098,1326,433,433,0,225,208,6,New Zealand,129.8
39,39,39,39,71,HDRL Thirimanne,Batter,3164,71.19711971,4444,3,94,107,506,506,0,236,270,2,Sri Lanka,1054.666667
40,40,40,40,72,HC Knight,Batter,3158,75.10107015,4205,48,1020,1392,507,507,0,291,216,8,England,65.79166667
41,41,41,41,80,AE Satterthwaite,Batter,2895,80.01658375,3618,29,839,1060,433,433,0,225,208,5,New Zealand,99.82758621
42,42,42,42,83,IJL Trott,Batter,2819,75.53590568,3732,3,174,185,505,505,0,289,216,3,England,939.6666667
43,43,43,43,84,SFM Devine,Batter,2796,87.53913588,3194,55,1914,2489,433,433,0,225,208,8,New Zealand,50.83636364
44,44,44,44,85,Mohammad Yousuf,Batter,2783,74.39187383,3741,1,0,1,458,458,0,221,237,2,Pakistan,2783.0
45,45,45,45,87,MR Marsh,Batter,2762,93.53200135,2953,57,2047,2257,543,543,0,381,162,8,Australia,48.45614035
46,46,46,46,89,DJ Bravo,Batter,2760,78.72219053,3506,193,5330,6052,427,427,0,165,262,9,West Indies,14.30051813
47,47,47,47,90,AC Jayangani,Batter,2760,77.98813224,3539,34,1295,1421,497,497,0,231,266,8,Sri Lanka,81.17647059
48,48,48,48,93,RS Bopara,Batter,2689,76.39204545,3520,41,1546,1858,509,509,0,291,218,5,England,65.58536585
49,49,49,49,95,TM Head,Batter,2645,102.202473,2588,25,1062,1117,543,543,0,381,162,7,Australia,105.8
50,50,50,50,98,KA Pollard,Batter,2608,90.64998262,2877,59,2086,2226,429,429,0,165,264,4,West Indies,44.20338983
51,51,51,51,99,Ahmed Shehzad,Batter,2555,70.52166713,3623,2,140,116,466,466,0,225,241,6,Pakistan,1277.5
52,52,52,52,100,L Lee,Batter,2516,82.6544021,3044,2,56,86,471,471,0,290,181,6,South Africa,1258.0
53,53,53,53,101,A Balbirnie,Batter,2438,74.21613394,3285,1,31,24,163,163,0,59,104,4,Ireland,2438.0
54,54,54,54,103,SC Ganguly,Batter,2409,70.25371829,3429,22,864,1015,573,573,0,356,217,5,India,109.5
55,55,55,55,105,HE van der Dussen,Batter,2388,85.10334996,2806,1,3,6,472,472,0,291,181,3,South Africa,2388.0
56,56,56,56,108,Abdul Razzaq,Batter,2327,86.53774637,2689,110,3694,4518,464,464,0,224,240,9,Pakistan,21.15454545
57,57,57,57,109,HK Matthews,Batter,2327,75.16149871,3096,83,2210,3025,428,428,0,165,263,10,West Indies,28.03614458
58,58,58,58,110,RD Berrington,Batter,2292,74.36729396,3082,15,647,762,101,101,0,54,47,4,Scotland,152.8
59,59,59,59,112,KJ Coetzer,Batter,2280,80.67940552,2826,1,132,169,101,101,0,54,47,3,Scotland,2280.0
60,60,60,60,113,MM Ali,Batter,2278,94.21009098,2418,119,5303,5935,519,519,0,295,224,5,England,19.14285714
61,61,61,61,116,DR Martyn,Batter,2239,75.38720539,2970,1,78,90,540,540,0,378,162,5,Australia,2239.0
62,62,62,62,117,M du Preez,Batter,2223,69.59924859,3194,1,22,18,471,471,0,290,181,7,South Africa,2223.0
63,63,63,63,118,M Kapp,Batter,2195,85.30897785,2573,133,3154,4729,471,471,0,290,181,8,South Africa,16.5037594
64,64,64,64,121,JO Holder,Batter,2144,88.19415878,2431,162,5712,6205,429,429,0,165,264,5,West Indies,13.2345679
65,65,65,65,123,V Sibanda,Batter,2125,61.29218344,3467,4,267,276,276,276,0,66,210,2,Zimbabwe,531.25
66,66,66,66,125,A Flintoff,Batter,2096,88.58833474,2366,132,2682,3784,509,509,0,291,218,9,England,15.87878788
67,67,67,67,126,S Luus,Batter,2080,65.28562461,3186,84,2006,2630,471,471,0,290,181,3,South Africa,24.76190476
68,68,68,68,129,CL White,Batter,2053,79.48122338,2583,11,331,318,539,539,0,377,162,3,Australia,186.6363636
69,69,69,69,130,Soumya Sarkar,Batter,2044,95.29137529,2145,20,545,543,336,336,0,132,204,5,Bangladesh,102.2
70,70,70,70,131,CS MacLeod,Batter,2015,78.40466926,2570,8,635,774,101,101,0,54,47,5,Scotland,251.875
71,71,71,71,132,ME Trescothick,Batter,1997,80.52419355,2480,2,149,155,518,518,0,295,223,4,England,998.5
72,72,72,72,133,KJ O'Brien,Batter,1990,92.51510925,2151,60,2221,2392,164,164,0,60,104,4,Ireland,33.16666667
73,73,73,73,134,CJ Chibhabha,Batter,1987,63.48242812,3130,30,1379,1417,275,275,0,66,209,1,Zimbabwe,66.23333333
74,74,74,74,138,RL Haynes,Batter,1966,79.11468813,2485,2,34,24,527,527,0,367,160,5,Australia,983.0
75,75,75,75,139,LMP Simmons,Batter,1958,71.43378329,2741,1,172,163,426,426,0,165,261,2,West Indies,1958.0
76,76,76,76,140,Bismah Maroof,Batter,1938,63.27130264,3063,12,498,666,459,459,0,221,238,2,Pakistan,161.5
77,77,77,77,144,AC Kerr,Batter,1854,74.96967246,2473,97,2891,3719,433,433,0,225,208,3,New Zealand,19.11340206
78,78,78,78,145,DJG Sammy,Batter,1853,96.20976116,1926,87,3842,4891,427,427,0,165,262,5,West Indies,21.29885057
79,79,79,79,148,N Pooran,Batter,1829,95.60899111,1913,6,174,178,429,429,0,165,264,1,West Indies,304.8333333
80,80,80,80,149,KIC Asalanka,Batter,1810,86.60287081,2090,16,388,486,495,495,0,230,265,3,Sri Lanka,113.125
81,81,81,81,151,MG Erasmus,Batter,1810,78.42287695,2308,34,921,1286,55,55,0,26,29,5,Namibia,53.23529412
82,82,82,82,152,Azhar Ali,Batter,1806,72.88135593,2478,4,262,264,468,468,0,227,241,1,Pakistan,451.5
83,83,83,83,155,A Vala,Batter,1783,68.73554356,2594,47,1320,2017,63,63,0,12,51,1,Papua New Guinea,37.93617021
84,84,84,84,156,M Labuschagne,Batter,1764,82.81690141,2130,6,284,254,543,543,0,381,162,2,Australia,294.0
85,85,85,85,157,HH Pandya,Batter,1762,107.7017115,1636,81,2919,3218,572,572,0,355,217,4,India,21.75308642
86,86,86,86,159,Haris Sohail,Batter,1709,85.02487562,2010,13,593,613,468,468,0,227,241,2,Pakistan,131.4615385
87,87,87,87,161,MP O'Dowd,Batter,1682,68.90618599,2441,1,129,127,90,90,0,29,61,4,Netherlands,1682.0
88,88,88,88,162,DN Wyatt,Batter,1680,90.76175041,1851,14,447,537,513,513,0,292,221,4,England,120.0
89,89,89,89,163,DJS Dottin,Batter,1679,81.11111111,2070,53,1209,1496,428,428,0,165,263,4,West Indies,31.67924528
90,90,90,90,166,DJ Hussey,Batter,1672,87.44769874,1912,19,694,791,545,545,0,381,164,1,Australia,88.0
91,91,91,91,168,AT Rayudu,Batter,1637,76.38824078,2143,3,128,124,575,575,0,356,219,3,India,545.6666667
92,92,92,92,169,RK Paudel,Batter,1629,73.24640288,2224,10,238,346,65,65,0,33,32,5,Nepal,162.9
93,93,93,93,171,HT Tector,Batter,1622,83.99792853,1931,2,149,148,163,163,0,59,104,0,Ireland,811.0
94,94,94,94,172,DJ Mitchell,Batter,1616,96.5929468,1673,13,293,315,431,431,0,224,207,0,New Zealand,124.3076923
95,95,95,95,175,MD Gunathilaka,Batter,1592,83.83359663,1899,8,375,405,507,507,0,236,271,2,Sri Lanka,199.0
96,96,96,96,176,OA Shah,Batter,1579,80.43810494,1963,7,184,199,502,502,0,287,215,2,England,225.5714286
97,97,97,97,177,NJ Astle,Batter,1571,75.60153994,2078,8,346,404,434,434,0,225,209,5,New Zealand,196.375
98,98,98,98,181,JDS Neesham,Batter,1508,98.04941482,1538,71,2573,2512,439,439,0,228,211,1,New Zealand,21.23943662
99,99,99,99,182,CK Kapugedera,Batter,1505,69.77283264,2157,2,226,271,510,510,0,237,273,1,Sri Lanka,752.5
100,100,100,100,184,MP Stoinis,Batter,1489,91.80024661,1622,48,2067,2073,543,543,0,381,162,1,Australia,31.02083333
101,101,101,101,186,NE Bolton,Batter,1443,69.7438376,2069,2,37,30,516,516,0,360,156,6,Australia,721.5
102,102,102,102,187,CL Tryon,Batter,1440,107.1428571,1344,40,1445,1914,464,464,0,285,179,4,South Africa,36.0
103,103,103,103,191,DJ Malan,Batter,1418,94.28191489,1504,1,17,15,519,519,0,295,224,4,England,1418.0
104,104,104,104,195,Javeria Khan,Batter,1408,61.51157711,2289,8,271,299,463,463,0,223,240,2,Pakistan,176.0
105,105,105,105,198,Rohan Mustafa,Batter,1401,61.96373286,2261,87,2654,3508,99,99,0,34,65,4,United Arab Emirates,16.10344828
106,106,106,106,201,MP Vaughan,Batter,1382,65.25023607,2118,9,429,522,509,509,0,291,218,2,England,153.5555556
107,107,107,107,202,Jatinder Singh,Batter,1356,71.36842105,1900,1,37,43,52,52,0,27,25,2,Oman,1356.0
108,108,108,108,203,GH Lewis,Batter,1348,65.9813999,2043,8,373,390,162,162,0,58,104,2,Ireland,168.5
109,109,109,109,204,JR Hopes,Batter,1326,92.33983287,1436,73,2414,3132,545,545,0,381,164,2,Australia,18.16438356
110,110,110,110,206,KM Jadhav,Batter,1318,100.841622,1307,28,1005,1173,576,576,0,357,219,3,India,47.07142857
111,111,111,111,209,S Matsikenyeri,Batter,1309,66.51422764,1968,15,563,687,266,266,0,64,202,0,Zimbabwe,87.26666667
112,112,112,112,210,MA Leask,Batter,1306,111.3384484,1173,64,1789,2184,101,101,0,54,47,3,Scotland,20.40625
113,113,113,113,212,Mashrafe Mortaza,Batter,1304,81.04412679,1609,227,7441,8756,343,343,0,134,209,9,Bangladesh,5.744493392
114,114,114,114,213,M van Lingen,Batter,1300,90.15256588,1442,2,65,76,55,55,0,26,29,4,Namibia,650.0
115,115,115,115,215,LPC Silva,Batter,1279,70.85872576,1805,1,34,44,496,496,0,231,265,1,Sri Lanka,1279.0
116,116,116,116,217,DR Smith,Batter,1261,88.18181818,1430,53,1888,2257,426,426,0,165,261,3,West Indies,23.79245283
117,117,117,117,218,Sabbir Rahman,Batter,1259,90.25089606,1395,3,337,289,335,335,0,132,203,0,Bangladesh,419.6666667
118,118,118,118,219,C Munro,Batter,1249,103.4797017,1207,9,483,563,439,439,0,228,211,0,New Zealand,138.7777778
119,119,119,119,220,JD Ryder,Batter,1242,95.98145286,1294,11,357,359,435,435,0,226,209,3,New Zealand,112.9090909
120,120,120,120,221,RR Rossouw,Batter,1239,92.39373602,1341,1,44,46,451,451,0,277,174,1,South Africa,1239.0
121,121,121,121,223,Imran Farhat,Batter,1232,64.5364065,1909,2,44,51,467,467,0,226,241,1,Pakistan,616.0
122,122,122,122,226,IK Pathan,Batter,1226,79.19896641,1548,156,4419,5050,563,563,0,348,215,5,India,7.858974359
123,123,123,123,229,Aliya Riaz,Batter,1207,63.66033755,1896,13,806,894,463,463,0,223,240,1,Pakistan,92.84615385
124,124,124,124,232,Vikramjit Singh,Batter,1190,70.33096927,1692,7,261,257,90,90,0,29,61,2,Netherlands,170.0
125,125,125,125,233,Mehedi Hasan Miraz,Batter,1188,78.36411609,1516,107,3511,4240,336,336,0,132,204,5,Bangladesh,11.10280374
126,126,126,126,234,K Bhurtel,Batter,1182,78.90520694,1498,12,292,361,65,65,0,33,32,3,Nepal,98.5
127,127,127,127,236,A Gardner,Batter,1175,100.5993151,1168,103,2068,3018,527,527,0,367,160,4,Australia,11.40776699
128,128,128,128,237,Nida Dar,Batter,1171,65.63901345,1784,62,2224,2917,463,463,0,223,240,2,Pakistan,18.88709677
129,129,129,129,238,SA Campbelle,Batter,1167,59.90759754,1948,4,130,195,420,420,0,163,257,1,West Indies,291.75
130,130,130,130,239,Nazmul Hossain Shanto,Batter,1165,79.95881949,1457,1,59,72,329,329,0,127,202,2,Bangladesh,1165.0
131,131,131,131,242,MD Shanaka,Batter,1153,87.54745634,1317,22,844,938,498,498,0,231,267,1,Sri Lanka,52.40909091
132,132,132,132,245,L Vincent,Batter,1089,68.36158192,1593,1,22,18,434,434,0,225,209,4,New Zealand,1089.0
133,133,133,133,246,F Behardien,Batter,1074,96.40933573,1114,12,694,716,463,463,0,284,179,1,South Africa,89.5
134,134,134,134,248,WW Hinds,Batter,1066,65.5596556,1626,22,515,626,424,424,0,164,260,1,West Indies,48.45454545
135,135,135,135,249,Aftab Ahmed,Batter,1061,73.12198484,1451,4,379,411,344,344,0,134,210,2,Bangladesh,265.25
136,136,136,136,250,CM Edwards,Batter,1054,71.99453552,1464,2,51,48,507,507,0,291,216,4,England,527.0
137,137,137,137,251,JI Rodrigues,Batter,1051,80.90839107,1299,5,13,39,578,578,0,359,219,2,India,210.2
138,138,138,138,254,MN Waller,Batter,1039,75.12653651,1383,9,497,580,261,261,0,62,199,1,Zimbabwe,115.4444444
139,139,139,139,255,RP Arnold,Batter,1039,69.68477532,1491,8,326,352,509,509,0,236,273,0,Sri Lanka,129.875
140,140,140,140,256,AD Russell,Batter,1034,128.447205,805,72,2235,2362,426,426,0,165,261,5,West Indies,14.36111111
141,141,141,141,257,Aarif Sheikh,Batter,1032,62.62135922,1648,8,589,762,65,65,0,33,32,2,Nepal,129.0
142,142,142,142,258,Junaid Siddique,Batter,1021,66.68843893,1531,77,2137,2575,99,99,0,34,65,0,United Arab Emirates,13.25974026
143,143,143,143,265,CJA Amini,Batter,952,61.61812298,1545,33,1298,1620,63,63,0,12,51,2,Papua New Guinea,28.84848485
144,144,144,144,267,Shaiman Anwar,Batter,947,81.49741824,1162,5,136,117,97,97,0,33,64,0,United Arab Emirates,189.4
145,145,145,145,269,G Singh,Batter,938,81.21212121,1155,6,97,113,64,64,0,30,34,3,United States of America,156.3333333
146,146,146,146,270,Imad Wasim,Batter,937,108.9534884,860,44,1936,2388,462,462,0,223,239,0,Pakistan,21.29545455
147,147,147,147,271,MG Johnson,Batter,934,93.21357285,1002,243,5977,7537,545,545,0,381,164,6,Australia,3.843621399
148,148,148,148,274,RR Hendricks,Batter,930,76.79603633,1211,1,47,42,472,472,0,291,181,2,South Africa,930.0
149,149,149,149,279,R Powell,Batter,915,86.81214421,1054,3,261,256,425,425,0,164,261,1,West Indies,305.0
150,150,150,150,280,CP Rizwan,Batter,901,57.27908455,1573,1,51,61,98,98,0,34,64,1,United Arab Emirates,901.0
151,151,151,151,283,BJ McMullen,Batter,888,83.93194707,1058,39,724,1048,85,85,0,46,39,3,Scotland,22.76923077
152,152,152,152,287,S Bau,Batter,874,58.93459204,1483,13,492,613,63,63,0,12,51,2,Papua New Guinea,67.23076923
153,153,153,153,289,TT Bresnan,Batter,871,88.51626016,984,120,3879,4300,517,517,0,295,222,0,England,7.258333333
154,154,154,154,291,DS Airee,Batter,861,70.74774035,1217,46,1287,1919,65,65,0,33,32,2,Nepal,18.7173913
155,155,155,155,293,PWH de Silva,Batter,859,102.7511962,836,85,2164,2482,478,478,0,221,257,4,Sri Lanka,10.10588235
156,156,156,156,295,Shoaib Khan,Batter,843,82.24390244,1025,2,131,146,51,51,0,27,24,2,Oman,421.5
157,157,157,157,297,JJ Smit,Batter,839,71.89374464,1167,39,794,1134,54,54,0,25,29,1,Namibia,21.51282051
158,158,158,158,299,TM Odoyo,Batter,830,69.10907577,1201,45,1172,1635,38,38,0,13,25,2,Kenya,18.44444444
159,159,159,159,300,VS Solanki,Batter,829,69.43048576,1194,1,80,84,518,518,0,295,223,1,England,829.0
160,160,160,160,302,BM Halliday,Batter,828,70.64846416,1172,7,209,223,428,428,0,222,206,0,New Zealand,118.2857143
161,161,161,161,303,AL Phehlukwayo,Batter,827,83.03212851,996,96,3003,3189,470,470,0,290,180,1,South Africa,8.614583333
162,162,162,162,304,SHT Kandamby,Batter,827,69.03171953,1198,2,175,177,510,510,0,237,273,0,Sri Lanka,413.5
163,163,163,163,306,O Prendergast,Batter,821,74.36594203,1104,18,616,733,162,162,0,58,104,1,Ireland,45.61111111
164,164,164,164,310,YK Pathan,Batter,810,110.0543478,736,37,1379,1517,579,579,0,360,219,2,India,21.89189189
165,165,165,165,311,MF Maharoof,Batter,799,80.62563068,991,118,3113,3911,510,510,0,237,273,6,Sri Lanka,6.771186441
166,166,166,166,312,AC Voges,Batter,798,83.47280335,956,6,240,247,544,544,0,381,163,2,Australia,133.0
167,167,167,167,313,JN Loftie-Eaton,Batter,796,74.25373134,1072,22,498,542,55,55,0,26,29,2,Namibia,36.18181818
168,168,168,168,314,SIR Dunkley,Batter,789,79.45619335,993,1,1,4,513,513,0,292,221,2,England,789.0
169,169,169,169,320,N Vanua,Batter,769,78.95277207,974,56,1880,2223,63,63,0,12,51,1,Papua New Guinea,13.73214286
170,170,170,170,324,Kushal Malla,Batter,756,86.89655172,870,26,766,1068,65,65,0,33,32,1,Nepal,29.07692308
171,171,171,171,326,G Malla,Batter,753,65.76419214,1145,1,18,19,65,65,0,33,32,0,Nepal,753.0
172,172,172,172,327,L Siaka,Batter,749,73.93879566,1013,3,153,202,62,62,0,12,50,1,Papua New Guinea,249.6666667
173,173,173,173,329,SF Mire,Batter,729,77.22457627,944,11,420,408,277,277,0,66,211,1,Zimbabwe,66.27272727
174,174,174,174,331,Pargat Singh,Batter,722,77.6344086,930,5,84,116,51,51,0,18,33,2,Canada,144.4
175,175,175,175,336,GD Phillips,Batter,710,94.79305741,749,13,541,547,431,431,0,224,207,1,New Zealand,54.61538462
176,176,176,176,337,R Ashwin,Batter,707,85.07821901,831,166,5228,6358,579,579,0,360,219,3,India,4.259036145
177,177,177,177,338,LJ Wright,Batter,707,84.36754177,838,17,910,1050,517,517,0,295,222,0,England,41.58823529
178,178,178,178,339,JA Morkel,Batter,705,96.9738652,727,50,1736,1900,459,459,0,283,176,3,South Africa,14.1
179,179,179,179,340,SO Tikolo,Batter,705,64.26618049,1097,28,919,1089,38,38,0,13,25,0,Kenya,25.17857143
180,180,180,180,341,NND de Silva,Batter,703,66.07142857,1064,3,228,270,497,497,0,231,266,0,Sri Lanka,234.3333333
181,181,181,181,350,HASD Siriwardene,Batter,679,55.97691674,1213,32,1341,1695,497,497,0,231,266,0,Sri Lanka,21.21875
182,182,182,182,351,Umaima Sohail,Batter,670,61.69429098,1086,18,584,711,463,463,0,223,240,0,Pakistan,37.22222222
183,183,183,183,352,TT Samaraweera,Batter,669,73.19474836,914,1,33,30,500,500,0,232,268,2,Sri Lanka,669.0
184,184,184,184,360,CA Soper,Batter,653,55.38592027,1179,67,1774,2380,63,63,0,12,51,2,Papua New Guinea,9.746268657
185,185,185,185,362,Shafali Verma,Batter,644,79.21279213,813,2,76,87,568,568,0,351,217,0,India,322.0
186,186,186,186,366,Agha Salman,Batter,637,97.6993865,652,15,622,662,461,461,0,222,239,1,Pakistan,42.46666667
187,187,187,187,368,C Green,Batter,626,81.2987013,770,21,788,841,526,526,0,366,160,2,Australia,29.80952381
188,188,188,188,369,Gulsan Jha,Batter,625,75.57436518,827,30,937,951,63,63,0,31,32,3,Nepal,20.83333333
189,189,189,189,370,Sompal Kami,Batter,621,71.70900693,866,79,2168,2511,65,65,0,33,32,1,Nepal,7.860759494
190,190,190,190,371,JN Mohammed,Batter,621,66.84607104,929,8,342,442,425,425,0,164,261,1,West Indies,77.625
191,191,191,191,373,JN Frylinck,Batter,615,73.65269461,835,36,938,1298,55,55,0,26,29,3,Namibia,17.08333333
192,192,192,192,375,H Thaker,Batter,612,66.81222707,916,22,617,882,51,51,0,18,33,4,Canada,27.81818182
193,193,193,193,376,JF Mooney,Batter,610,81.769437,746,37,1119,1242,164,164,0,60,104,0,Ireland,16.48648649
194,194,194,194,380,RN ten Doeschate,Batter,594,87.09677419,682,20,654,711,73,73,0,22,51,2,Netherlands,29.7
195,195,195,195,381,J Botha,Batter,594,82.72980501,718,77,2839,3673,459,459,0,283,176,0,South Africa,7.714285714
196,196,196,196,382,BMAJ Mendis,Batter,593,80.02699055,741,31,1199,1394,511,511,0,237,274,1,Sri Lanka,19.12903226
197,197,197,197,383,JM Vince,Batter,590,86.51026393,682,1,38,43,519,519,0,295,224,1,England,590.0
198,198,198,198,384,N de Klerk,Batter,589,72.09302326,817,53,1362,1702,471,471,0,290,181,2,South Africa,11.11320755
199,199,199,199,385,Aayan Afzal Khan,Batter,585,73.95701643,791,43,1202,1801,99,99,0,34,65,3,United Arab Emirates,13.60465116
200,200,200,200,387,P Vastrakar,Batter,579,86.28912072,671,29,1049,1155,568,568,0,351,217,1,India,19.96551724
201,201,201,201,388,TLW Cooper,Batter,576,74.22680412,776,6,282,315,73,73,0,22,51,0,Netherlands,96.0
202,202,202,202,389,WD Parnell,Batter,574,77.25437416,743,110,3090,3340,461,461,0,284,177,4,South Africa,5.218181818
203,203,203,203,391,WPUJC Vaas,Batter,569,67.33727811,845,118,3317,4806,509,509,0,236,273,4,Sri Lanka,4.822033898
204,204,204,204,392,AR Patel,Batter,568,90.01584786,631,67,2117,2804,580,580,0,360,220,1,India,8.47761194
205,205,205,205,394,H Deol,Batter,561,76.53478854,733,2,69,87,568,568,0,351,217,2,India,280.5
206,206,206,206,398,Afif Hossain,Batter,548,86.84627575,631,3,108,105,329,329,0,127,202,1,Bangladesh,182.6666667
207,207,207,207,399,N Deonarine,Batter,546,62.54295533,873,4,368,399,369,369,0,144,225,1,West Indies,136.5
208,208,208,208,401,CA Henry,Batter,537,76.38691323,703,33,1105,1354,417,417,0,162,255,1,West Indies,16.27272727
209,209,209,209,404,JL Jonassen,Batter,533,84.33544304,632,136,2375,3541,527,527,0,367,160,2,Australia,3.919117647
210,210,210,210,406,J Mubarak,Batter,531,63.7454982,833,1,44,51,499,499,0,232,267,1,Sri Lanka,531.0
211,211,211,211,407,CR Brathwaite,Batter,527,85.97063622,613,46,1647,1725,418,418,0,162,256,0,West Indies,11.45652174
212,212,212,212,408,Mosaddek Hossain,Batter,524,80.0,655,16,904,1016,334,334,0,131,203,1,Bangladesh,32.75
213,213,213,213,409,RJ Peterson,Batter,523,82.2327044,636,76,2280,2798,463,463,0,284,179,0,South Africa,6.881578947
214,214,214,214,415,BJ Hodge,Batter,516,88.5077187,583,1,51,66,522,522,0,363,159,1,Australia,516.0
215,215,215,215,418,Nizakat Khan,Batter,508,80.89171975,628,3,89,110,16,16,0,5,11,0,Hong Kong,169.3333333
216,216,216,216,419,SL Malinga,Batter,508,72.467903,701,343,9518,10803,511,511,0,237,274,7,Sri Lanka,1.481049563
217,217,217,217,420,LV van Beek,Batter,505,82.78688525,610,50,1619,1759,86,86,0,25,61,1,Netherlands,10.1
218,218,218,218,422,SE Rutherford,Batter,497,110.4444444,450,3,161,115,358,358,0,140,218,1,West Indies,165.6666667
219,219,219,219,424,Mominul Haque,Batter,495,73.7704918,671,6,137,157,341,341,0,133,208,0,Bangladesh,82.5
220,220,220,220,425,SM Sharif,Batter,492,69.78723404,705,89,2497,3099,101,101,0,54,47,2,Scotland,5.528089888
221,221,221,221,426,JWM Dalrymple,Batter,487,71.93500739,677,15,686,868,508,508,0,291,217,0,England,32.46666667
222,222,222,222,429,Fatima Sana,Batter,484,69.54022989,696,59,1626,1772,463,463,0,223,240,2,Pakistan,8.203389831
223,223,223,223,430,NR Kirton,Batter,483,74.19354839,651,4,77,114,51,51,0,18,33,1,Canada,120.75
224,224,224,224,436,WG Jacks,Batter,468,98.11320755,477,5,229,240,495,495,0,284,211,1,England,93.6
225,225,225,225,437,EJ Villani,Batter,468,77.22772277,606,6,216,222,527,527,0,367,160,1,Australia,78.0
226,226,226,226,440,Karan KC,Batter,457,83.24225865,549,81,1972,2323,65,65,0,33,32,4,Nepal,5.641975309
227,227,227,227,441,AR Nurse,Batter,454,97.84482759,464,44,2009,2187,425,425,0,164,261,1,West Indies,10.31818182
228,228,228,228,444,JL Denly,Batter,446,69.14728682,645,1,101,104,496,496,0,284,212,0,England,446.0
229,229,229,229,445,Pratika Rawal,Batter,444,89.51612903,496,2,63,54,366,366,0,215,151,2,India,222.0
230,230,230,230,447,JM Davison,Batter,443,112.7226463,393,19,513,630,49,49,0,16,33,3,Canada,23.31578947
231,231,231,231,448,S Lamichhane,Batter,440,88.0,500,120,2185,2942,65,65,0,33,32,4,Nepal,3.666666667
232,232,232,232,450,H Hiri,Batter,435,54.78589421,794,3,114,103,63,63,0,12,51,0,Papua New Guinea,145.0
233,233,233,233,452,A Ndiraya,Batter,428,68.58974359,624,1,16,26,270,270,0,65,205,1,Zimbabwe,428.0
234,234,234,234,453,CG Williams,Batter,427,77.63636364,550,5,201,264,52,52,0,25,27,1,Namibia,85.4
235,235,235,235,455,S Prasanna,Batter,421,91.52173913,460,33,1742,1936,507,507,0,236,271,0,Sri Lanka,12.75757576
236,236,236,236,456,SMA Priyanjan,Batter,420,78.79924953,533,7,236,270,508,508,0,236,272,0,Sri Lanka,60.0
237,237,237,237,457,PW Borren,Batter,413,89.20086393,463,6,442,494,73,73,0,22,51,0,Netherlands,68.83333333
238,238,238,238,459,V Krishnamurthy,Batter,410,86.31578947,475,3,58,113,561,561,0,347,214,0,India,136.6666667
239,239,239,239,462,Simi Singh,Batter,406,78.52998066,517,30,615,958,151,151,0,53,98,1,Ireland,13.53333333
240,240,240,240,464,Ali Naseer,Batter,396,99.2481203,399,23,667,701,99,99,0,34,65,0,United Arab Emirates,17.2173913
241,241,241,241,465,EL Lamb,Batter,396,83.72093023,473,3,96,110,513,513,0,292,221,1,England,132.0
242,242,242,242,469,MW Machan,Batter,393,79.07444668,497,4,223,226,100,100,0,53,47,0,Scotland,98.25
243,243,243,243,471,PA de Silva,Batter,390,80.08213552,487,14,487,572,509,509,0,236,273,0,Sri Lanka,27.85714286
244,244,244,244,472,CM McBride,Batter,386,70.4379562,548,4,102,145,82,82,0,44,38,1,Scotland,96.5
245,245,245,245,482,DW Steyn,Batter,365,61.65540541,592,212,5202,6388,469,469,0,289,180,6,South Africa,1.721698113
246,246,246,246,484,KM Dabengwa,Batter,364,57.68621236,631,15,647,715,264,264,0,64,200,0,Zimbabwe,24.26666667
247,247,247,247,485,SP Narine,Batter,363,79.78021978,455,99,2445,3554,427,427,0,165,262,6,West Indies,3.666666667
248,248,248,248,486,DT Johnston,Batter,361,76.32135307,473,39,1133,1508,164,164,0,60,104,1,Ireland,9.256410256
249,249,249,249,491,A Bosch,Batter,355,73.8045738,481,1,134,159,453,453,0,278,175,2,South Africa,355.0
250,250,250,250,492,J Nkomo,Batter,354,64.01446655,553,25,431,714,270,270,0,65,205,1,Zimbabwe,14.16
251,251,251,251,494,R Trumpelmann,Batter,350,79.36507937,441,56,1324,1773,55,55,0,26,29,2,Namibia,6.25
252,252,252,252,496,Rumana Ahmed,Batter,346,50.65885798,683,26,669,951,301,301,0,109,192,1,Bangladesh,13.30769231
253,253,253,253,497,AA Alleyne,Batter,341,60.03521127,568,30,834,1021,417,417,0,162,255,0,West Indies,11.36666667
254,254,254,254,498,LMM Tahuhu,Batter,340,86.07594937,395,98,2511,3276,433,433,0,225,208,0,New Zealand,3.469387755
255,255,255,255,500,M Vijay,Batter,339,65.69767442,516,1,38,38,579,579,0,360,219,1,India,339.0
256,256,256,256,502,R Rampaul,Batter,338,75.11111111,450,115,3136,3703,422,422,0,163,259,2,West Indies,2.939130435
257,257,257,257,504,SS Pathirana,Batter,332,83.20802005,399,16,724,776,498,498,0,231,267,0,Sri Lanka,20.75
258,258,258,258,506,HM Rowe,Batter,332,66.26746507,501,58,1603,2075,433,433,0,225,208,1,New Zealand,5.724137931
259,259,259,259,512,SS Weerakkody,Batter,328,62.95585413,521,28,826,1122,497,497,0,231,266,0,Sri Lanka,11.71428571
260,260,260,260,514,CN Ackermann,Batter,326,75.11520737,434,15,448,553,86,86,0,25,61,0,Netherlands,21.73333333
261,261,261,261,515,MH Yardy,Batter,326,66.53061224,490,20,1052,1289,491,491,0,282,209,0,England,16.3
262,262,262,262,518,MO Odumbe,Batter,324,89.25619835,363,7,307,364,38,38,0,13,25,1,Kenya,46.28571429
263,263,263,263,520,A Sharma,Batter,323,69.01709402,468,4,183,273,99,99,0,34,65,1,United Arab Emirates,80.75
264,264,264,264,522,AC Agar,Batter,322,80.5,400,22,970,1107,512,512,0,356,156,1,Australia,14.63636364
265,265,265,265,528,Washington Sundar,Batter,315,81.60621762,386,23,631,807,519,519,0,323,196,0,India,13.69565217
266,266,266,266,529,LM Jongwe,Batter,315,79.14572864,398,28,1083,1126,273,273,0,66,207,0,Zimbabwe,11.25
267,267,267,267,531,KAJ Roach,Batter,308,50.49180328,610,132,3775,4472,427,427,0,165,262,3,West Indies,2.333333333
268,268,268,268,532,A Athanaze,Batter,306,80.95238095,378,1,19,26,412,412,0,160,252,0,West Indies,306.0
269,269,269,269,535,TK Curran,Batter,303,91.26506024,332,38,1315,1340,481,481,0,276,205,1,England,7.973684211
270,270,270,270,538,KE Bryce,Batter,301,84.07821229,358,6,101,173,97,97,0,52,45,0,Scotland,50.16666667
271,271,271,271,539,AR White,Batter,301,60.44176707,498,10,253,328,164,164,0,60,104,0,Ireland,30.1
272,272,272,272,543,DLS van Bunge,Batter,293,56.45472062,519,6,181,154,75,75,0,22,53,0,Netherlands,48.83333333
273,273,273,273,545,SMSM Senanayake,Batter,290,90.34267913,321,60,1892,2384,506,506,0,236,270,1,Sri Lanka,4.833333333
274,274,274,274,549,MK Tiwary,Batter,287,69.66019417,412,5,150,136,536,536,0,331,205,1,India,57.4
275,275,275,275,550,AF Giles,Batter,286,73.33333333,390,38,1144,1628,518,518,0,295,223,0,England,7.526315789
276,276,276,276,551,DN Wellalage,Batter,285,75.0,380,27,909,1040,490,490,0,227,263,2,Sri Lanka,10.55555556
277,277,277,277,552,Saud Shakeel,Batter,283,86.2804878,328,1,37,47,291,291,0,145,146,1,Pakistan,283.0
278,278,278,278,553,A Capsey,Batter,283,71.64556962,395,8,218,289,513,513,0,292,221,0,England,35.375
279,279,279,279,554,PRCS Kumarihami,Batter,283,37.04188482,764,3,255,347,487,487,0,226,261,0,Sri Lanka,94.33333333
280,280,280,280,555,Kashif Daud,Batter,282,88.67924528,318,17,495,676,94,94,0,32,62,2,United Arab Emirates,16.58823529
281,281,281,281,556,ASS Fletcher,Batter,282,64.97695853,434,61,1526,2041,428,428,0,165,263,0,West Indies,4.62295082
282,282,282,282,557,S Dhaniram,Batter,281,88.92405063,316,23,408,552,42,42,0,12,30,2,Canada,12.2173913
283,283,283,283,561,S Randiv,Batter,280,71.79487179,390,38,1240,1447,507,507,0,236,271,1,Sri Lanka,7.368421053
284,284,284,284,564,MD Dai,Batter,277,75.47683924,367,13,387,545,49,49,0,9,40,0,Papua New Guinea,21.30769231
285,285,285,285,565,S Horley,Batter,276,77.52808989,356,9,80,136,79,79,0,43,36,3,Scotland,30.66666667
286,286,286,286,567,DT Christian,Batter,273,87.22044728,313,21,605,739,532,532,0,371,161,0,Australia,13.0
287,287,287,287,569,S Ismail,Batter,273,49.54627949,551,142,2821,4242,471,471,0,290,181,7,South Africa,1.922535211
288,288,288,288,572,MJ Henry,Batter,268,91.15646259,294,155,3810,4452,437,437,0,227,210,6,New Zealand,1.729032258
289,289,289,289,573,G Toka,Batter,268,54.03225806,496,3,111,102,63,63,0,12,51,0,Papua New Guinea,89.33333333
290,290,290,290,577,AJ Hosein,Batter,266,70.93333333,375,60,1709,2132,407,407,0,157,250,0,West Indies,4.433333333
291,291,291,291,578,AC Botha,Batter,265,63.24582339,419,16,424,597,152,152,0,53,99,0,Ireland,16.5625
292,292,292,292,580,AR Cusack,Batter,264,62.55924171,422,34,866,1009,164,164,0,60,104,1,Ireland,7.764705882
293,293,293,293,581,LA Marsh,Batter,264,56.77419355,465,53,1414,2048,489,489,0,282,207,1,England,4.981132075
294,294,294,294,582,Diana Baig,Batter,262,68.94736842,380,43,1683,2121,463,463,0,223,240,0,Pakistan,6.093023256
295,295,295,295,587,UDU Chandana,Batter,260,66.15776081,393,38,978,1194,457,457,0,214,243,2,Sri Lanka,6.842105263
296,296,296,296,588,IDR Bradshaw,Batter,259,61.22931442,423,69,1777,2537,424,424,0,164,260,2,West Indies,3.753623188
297,297,297,297,592,P Khadka,Batter,252,79.49526814,317,4,194,279,64,64,0,32,32,1,Nepal,63.0
298,298,298,298,594,BM Scholtz,Batter,251,66.05263158,380,70,1479,2619,55,55,0,26,29,2,Namibia,3.585714286
299,299,299,299,595,Tushar Imran,Batter,250,52.41090147,477,2,59,90,346,346,0,134,212,0,Bangladesh,125.0
300,300,300,300,603,R Rijke,Batter,238,70.20648968,339,6,110,167,85,85,0,25,60,1,Netherlands,39.66666667
301,301,301,301,604,DC Thomas,Batter,238,62.79683377,379,2,11,9,427,427,0,165,262,0,West Indies,119.0
302,302,302,302,606,HN Ya France,Batter,237,80.88737201,293,14,556,726,52,52,0,25,27,1,Namibia,16.92857143
303,303,303,303,607,DE Budge,Batter,237,76.20578778,311,1,112,153,96,96,0,51,45,0,Scotland,237.0
304,304,304,304,615,K Birkenstock,Batter,233,53.19634703,438,5,230,236,52,52,0,25,27,0,Namibia,46.6
305,305,305,305,616,JM Kerr,Batter,232,105.9360731,219,55,1194,1662,428,428,0,222,206,0,New Zealand,4.218181818
306,306,306,306,617,T Ruma,Batter,232,63.04347826,368,2,30,45,56,56,0,10,46,0,Papua New Guinea,116.0
307,307,307,307,619,A Mohammed,Batter,232,40.84507042,568,58,1533,2015,428,428,0,165,263,2,West Indies,4.0
308,308,308,308,621,STR Binny,Batter,230,91.26984127,252,21,440,503,536,536,0,331,205,1,India,10.95238095
309,309,309,309,624,I Udana,Batter,227,96.18644068,236,22,928,908,511,511,0,237,274,1,Sri Lanka,10.31818182
310,310,310,310,626,AM Samad,Batter,226,59.16230366,382,2,93,69,43,43,0,13,30,0,Canada,113.0
311,311,311,311,627,Asmavia Iqbal,Batter,225,52.3255814,430,27,1019,1165,456,456,0,221,235,0,Pakistan,8.333333333
312,312,312,312,629,F Overdijk,Batter,224,47.55838641,471,11,262,318,85,85,0,25,60,0,Netherlands,20.36363636
313,313,313,313,636,Saeed Anwar,Batter,218,68.55345912,318,1,15,24,426,426,0,209,217,0,Pakistan,218.0
314,314,314,314,637,GJ Delany,Batter,217,95.1754386,228,6,374,351,130,130,0,43,87,0,Ireland,36.16666667
315,315,315,315,638,Saad Bin Zafar,Batter,217,72.57525084,299,25,760,1063,51,51,0,18,33,0,Canada,8.68
316,316,316,316,639,Iram Javed,Batter,216,56.84210526,380,1,41,34,442,442,0,215,227,0,Pakistan,216.0
317,317,317,317,647,WP Masakadza,Batter,204,59.13043478,345,22,1030,1200,273,273,0,66,207,0,Zimbabwe,9.272727273
318,318,318,318,648,Khushdil Shah,Batter,200,93.45794393,214,3,122,109,346,346,0,174,172,1,Pakistan,66.66666667
319,319,319,319,649,DEM Carter,Batter,200,71.17437722,281,8,268,380,97,97,0,52,45,0,Scotland,25.0
320,320,320,320,654,M Levitt,Batter,196,79.35222672,247,1,83,120,90,90,0,29,61,0,Netherlands,196.0
321,321,321,321,655,MW Short,Batter,195,98.98477157,197,1,162,167,526,526,0,366,160,0,Australia,195.0
322,322,322,322,656,Kuldeep Yadav,Batter,195,47.44525547,411,173,4400,5236,580,580,0,360,220,5,India,1.12716763
323,323,323,323,657,V Sukumaran,Batter,194,61.78343949,314,3,83,122,92,92,0,31,61,1,United Arab Emirates,64.66666667
324,324,324,324,658,Mohammad Nawaz (3),Batter,193,87.33031674,221,17,595,690,462,462,0,223,239,0,Pakistan,11.35294118
325,325,325,325,660,JH Davey,Batter,193,61.85897436,312,26,618,769,99,99,0,53,46,1,Scotland,7.423076923
326,326,326,326,661,AJ Turner,Batter,192,116.3636364,165,2,60,86,413,413,0,294,119,1,Australia,96.0
327,327,327,327,662,GB Brent,Batter,192,62.95081967,305,25,900,1140,264,264,0,64,200,2,Zimbabwe,7.68
328,328,328,328,664,H Karunaratne,Batter,190,45.23809524,420,2,103,101,482,482,0,223,259,0,Sri Lanka,95.0
329,329,329,329,670,CJ Jordan,Batter,184,84.40366972,218,47,1708,1728,492,492,0,283,209,2,England,3.914893617
330,330,330,330,671,S Rana,Batter,184,81.4159292,226,26,820,1030,556,556,0,344,212,0,India,7.076923077
331,331,331,331,673,Sohag Gazi,Batter,182,87.92270531,207,24,736,939,342,342,0,134,208,2,Bangladesh,7.583333333
332,332,332,332,675,RM Haq,Batter,181,51.1299435,354,27,673,871,100,100,0,53,47,1,Scotland,6.703703704
333,333,333,333,677,Q Joseph,Batter,179,70.19607843,255,16,380,480,428,428,0,165,263,0,West Indies,11.1875
334,334,334,334,679,I Ranaweera,Batter,179,38.24786325,468,62,1975,2569,497,497,0,231,266,0,Sri Lanka,2.887096774
335,335,335,335,680,SR Thompson,Batter,178,89.8989899,198,10,333,357,159,159,0,56,103,0,Ireland,17.8
336,336,336,336,684,NR Kumar,Batter,177,57.84313725,306,2,67,67,46,46,0,15,31,0,Canada,88.5
337,337,337,337,685,H Patel,Batter,176,88.88888889,198,2,102,107,48,48,0,16,32,0,Canada,88.0
338,338,338,338,688,IH Romaine,Batter,175,48.61111111,360,1,75,64,12,12,0,2,10,0,Bermuda,175.0
339,339,339,339,689,Raza-ur-Rehman,Batter,174,80.93023256,215,1,114,113,36,36,0,9,27,0,Canada,174.0
340,340,340,340,690,NW Bracken,Batter,174,65.66037736,265,168,3792,5095,545,545,0,381,164,3,Australia,1.035714286
341,341,341,341,692,Mohammad Nawaz,Batter,173,78.99543379,219,21,843,982,461,461,0,222,239,2,Pakistan,8.238095238
342,342,342,342,697,Lata Mondal,Batter,170,48.71060172,349,2,129,159,301,301,0,109,192,0,Bangladesh,85.0
343,343,343,343,699,AM Peterson,Batter,167,79.14691943,211,19,371,593,433,433,0,225,208,1,New Zealand,8.789473684
344,344,344,344,700,JG Bethell,Batter,167,78.77358491,212,4,145,124,495,495,0,284,211,0,England,41.75
345,345,345,345,701,AR Adams,Batter,165,107.1428571,154,28,730,834,394,394,0,202,192,2,New Zealand,5.892857143
346,346,346,346,705,KS Lokuarachchi,Batter,164,75.57603687,217,18,503,666,496,496,0,231,265,0,Sri Lanka,9.111111111
347,347,347,347,706,D Bishoo,Batter,164,61.88679245,265,38,1675,2056,425,425,0,164,261,0,West Indies,4.315789474
348,348,348,348,707,L Klusener,Batter,163,104.4871795,156,12,403,476,423,423,0,262,161,1,South Africa,13.58333333
349,349,349,349,709,KP Meiyappan,Batter,163,47.66081871,342,38,1123,1228,99,99,0,34,65,0,United Arab Emirates,4.289473684
350,350,350,350,713,P Siaka,Batter,160,68.08510638,235,5,83,136,56,56,0,10,46,0,Papua New Guinea,32.0
351,351,351,351,715,J Kila,Batter,159,63.85542169,249,6,203,239,58,58,0,11,47,0,Papua New Guinea,26.5
352,352,352,352,716,Shariz Ahmad,Batter,159,54.63917526,291,19,596,595,90,90,0,29,61,0,Netherlands,8.368421053
353,353,353,353,718,Imran Tahir,Batter,157,67.38197425,233,180,4325,5556,469,469,0,289,180,4,South Africa,0.872222222
354,354,354,354,721,Nasum Ahmed,Batter,156,87.64044944,178,14,613,778,327,327,0,127,200,1,Bangladesh,11.14285714
355,355,355,355,729,K Fraser,Batter,152,76.38190955,199,9,145,245,79,79,0,43,36,0,Scotland,16.88888889
356,356,356,356,730,MDK Perera,Batter,152,73.42995169,207,13,413,466,498,498,0,231,267,0,Sri Lanka,11.69230769
357,357,357,357,734,PJ Ongondo,Batter,150,60.0,250,34,995,1313,38,38,0,13,25,0,Kenya,4.411764706
358,358,358,358,735,JF Kloppenburg,Batter,149,62.08333333,240,7,138,192,87,87,0,26,61,1,Netherlands,21.28571429
359,359,359,359,738,LM Kasperek,Batter,148,53.62318841,276,57,1091,1622,433,433,0,225,208,1,New Zealand,2.596491228
360,360,360,360,740,Shorna Akter,Batter,147,60.0,245,7,171,216,333,333,0,130,203,0,Bangladesh,21.0
361,361,361,361,744,ID Blackwell,Batter,146,68.54460094,213,15,567,846,503,503,0,288,215,0,England,9.733333333
362,362,362,362,747,D Devnarain,Batter,145,48.01324503,302,1,91,97,403,403,0,249,154,0,South Africa,145.0
363,363,363,363,748,IJR Zwilling,Batter,145,41.31054131,351,29,415,722,85,85,0,25,60,0,Netherlands,5.0
364,364,364,364,751,Zahoor Khan,Batter,143,55.21235521,259,95,2407,2888,99,99,0,34,65,0,United Arab Emirates,1.505263158
365,365,365,365,758,SF Daley,Batter,141,58.75,240,9,411,507,428,428,0,165,263,0,West Indies,15.66666667
366,366,366,366,767,D Gough,Batter,137,69.19191919,198,58,1504,2004,518,518,0,295,223,1,England,2.362068966
367,367,367,367,768,Marina Iqbal,Batter,137,43.91025641,312,1,62,49,416,416,0,205,211,0,Pakistan,137.0
368,368,368,368,769,NJ Carey,Batter,136,93.79310345,145,20,511,754,491,491,0,343,148,0,Australia,6.8
369,369,369,369,771,HK Badani,Batter,135,77.14285714,175,2,53,63,534,534,0,330,204,0,India,67.5
370,370,370,370,773,P Molkenboer,Batter,135,48.38709677,279,1,10,19,80,80,0,24,56,0,Netherlands,135.0
371,371,371,371,774,RP Singh,Batter,135,44.40789474,304,80,2487,2817,542,542,0,333,209,2,India,1.6875
372,372,372,372,776,AM Hardie,Batter,134,84.27672956,159,7,269,301,510,510,0,356,154,0,Australia,19.14285714
373,373,373,373,780,CR Seneviratna,Batter,133,48.01444043,277,12,234,392,464,464,0,216,248,0,Sri Lanka,11.08333333
374,374,374,374,781,TJ Friend,Batter,132,75.42857143,175,1,69,57,226,226,0,56,170,0,Zimbabwe,132.0
375,375,375,375,784,KH Pandya,Batter,130,99.23664122,131,2,224,234,572,572,0,355,217,0,India,65.0
376,376,376,376,787,HDPK Dharmasena,Batter,129,83.22580645,155,6,277,425,360,360,0,167,193,0,Sri Lanka,21.5
377,377,377,377,788,D Ravu,Batter,128,66.32124352,193,10,503,608,59,59,0,12,47,0,Papua New Guinea,12.8
378,378,378,378,793,Azhar Mahmood,Batter,126,76.82926829,164,6,324,407,453,453,0,220,233,0,Pakistan,21.0
379,379,379,379,794,Mudassar Bukhari,Batter,126,69.23076923,182,16,515,606,73,73,0,22,51,0,Netherlands,7.875
380,380,380,380,796,SACA King,Batter,126,54.07725322,233,2,204,286,386,386,0,152,234,0,West Indies,63.0
381,381,381,381,797,SM Kavanagh,Batter,126,52.71966527,239,1,92,74,136,136,0,46,90,0,Ireland,126.0
382,382,382,382,799,KDU Prabodhani,Batter,126,35.69405099,353,27,1130,1485,497,497,0,231,266,0,Sri Lanka,4.666666667
383,383,383,383,800,H Carlyon,Batter,125,83.89261745,149,2,141,183,4,4,0,1,3,0,Jersey,62.5
384,384,384,384,801,P Marange,Batter,125,81.69934641,153,10,307,457,270,270,0,65,205,0,Zimbabwe,12.5
385,385,385,385,802,ML Nkala,Batter,125,70.2247191,178,5,315,311,265,265,0,64,201,0,Zimbabwe,25.0
386,386,386,386,803,FL Mackay,Batter,125,63.7755102,196,19,475,614,384,384,0,195,189,0,New Zealand,6.578947368
387,387,387,387,809,PA Chatterji,Batter,123,51.46443515,239,8,284,351,97,97,0,52,45,0,Scotland,15.375
388,388,388,388,810,CT Mutombodzi,Batter,122,81.87919463,149,5,271,282,263,263,0,64,199,0,Zimbabwe,24.4
389,389,389,389,812,Mahedi Hasan,Batter,122,62.56410256,195,15,441,534,327,327,0,127,200,0,Bangladesh,8.133333333
390,390,390,390,814,T Maruma,Batter,122,54.22222222,225,6,204,217,266,266,0,64,202,0,Zimbabwe,20.33333333
391,391,391,391,815,B Evans,Batter,121,78.57142857,154,17,525,542,257,257,0,60,197,0,Zimbabwe,7.117647059
392,392,392,392,817,U Bhatti,Batter,120,91.60305344,131,12,350,516,46,46,0,15,31,0,Canada,10.0
393,393,393,393,822,R Malhotra,Batter,118,63.78378378,185,1,82,85,561,561,0,347,214,0,India,118.0
394,394,394,394,823,S Jimmy,Batter,118,59.5959596,198,17,230,394,56,56,0,10,46,0,Papua New Guinea,6.941176471
395,395,395,395,827,MC Henriques,Batter,117,60.9375,192,10,354,408,518,518,0,362,156,0,Australia,11.7
396,396,396,396,828,SL Quintyne,Batter,117,57.35294118,204,9,176,260,365,365,0,143,222,0,West Indies,13.0
397,397,397,397,831,EN Lynch,Batter,115,50.21834061,229,15,355,510,85,85,0,25,60,0,Netherlands,7.666666667
398,398,398,398,832,Kainat Imtiaz,Batter,115,43.56060606,264,7,465,451,441,441,0,214,227,0,Pakistan,16.42857143
399,399,399,399,835,B Muzarabani,Batter,114,54.02843602,211,54,1794,2131,273,273,0,66,207,1,Zimbabwe,2.111111111
400,400,400,400,838,TBM de Leede,Batter,113,53.80952381,210,18,413,484,87,87,0,26,61,1,Netherlands,6.277777778
401,401,401,401,839,LP van Troost,Batter,112,68.29268293,164,1,82,43,87,87,0,26,61,0,Netherlands,112.0
402,402,402,402,841,KD Shah,Batter,112,58.33333333,192,7,79,110,15,15,0,5,10,0,Hong Kong,16.0
403,403,403,403,842,JDF Vandersay,Batter,112,46.47302905,241,40,1091,1206,490,490,0,227,263,1,Sri Lanka,2.8
404,404,404,404,846,D Hazell,Batter,109,77.85714286,140,34,904,1375,489,489,0,282,207,0,England,3.205882353
405,405,405,405,847,TS Chisoro,Batter,109,70.32258065,155,12,383,488,264,264,0,64,200,1,Zimbabwe,9.083333333
406,406,406,406,850,A Khaka,Batter,108,46.35193133,233,129,3067,4389,471,471,0,290,181,2,South Africa,0.837209302
407,407,407,407,858,RML Taylor,Batter,105,82.03125,128,11,386,437,100,100,0,53,47,0,Scotland,9.545454545
408,408,408,408,859,RK Kleinveldt,Batter,105,81.39534884,129,12,415,481,463,463,0,284,179,0,South Africa,8.75
409,409,409,409,861,L Balaji,Batter,104,78.78787879,132,28,928,1005,537,537,0,331,206,0,India,3.714285714
410,410,410,410,863,D Elgar,Batter,104,57.45856354,181,2,74,98,469,469,0,289,180,0,South Africa,52.0
411,411,411,411,866,C de Lange,Batter,103,45.57522124,226,12,416,611,85,85,0,25,60,0,Netherlands,8.583333333
412,412,412,412,867,M Klaas,Batter,103,38.86792453,265,77,2277,2771,464,464,0,285,179,2,South Africa,1.337662338
413,413,413,413,868,M Kartik,Batter,102,74.45255474,137,30,1048,1227,534,534,0,330,204,1,India,3.4
414,414,414,414,869,AM Bacher,Batter,102,56.35359116,181,3,66,108,393,393,0,241,152,0,South Africa,34.0
415,415,415,415,871,WK McCallan,Batter,101,57.38636364,176,14,425,612,152,152,0,53,99,0,Ireland,7.214285714
416,416,416,416,873,SM Benade,Batter,100,78.125,128,4,43,111,389,389,0,238,151,0,South Africa,25.0
417,417,417,417,877,BMSM Kumari,Batter,99,40.74074074,243,18,872,1024,497,497,0,231,266,0,Sri Lanka,5.5
418,418,418,418,879,JL Ontong,Batter,97,71.32352941,136,1,24,18,459,459,0,283,176,0,South Africa,97.0
419,419,419,419,882,Tanzim Hasan Sakib,Batter,95,77.86885246,122,14,417,445,292,292,0,106,186,1,Bangladesh,6.785714286
420,420,420,420,884,RJ Trott,Batter,95,48.96907216,194,9,158,193,11,11,0,2,9,0,Bermuda,10.55555556
421,421,421,421,885,RS Gavaskar,Batter,93,56.70731707,164,1,74,73,330,330,0,192,138,0,India,93.0
422,422,422,422,888,Shoriful Islam,Batter,91,85.8490566,106,46,1379,1445,327,327,0,127,200,0,Bangladesh,1.97826087
423,423,423,423,891,A Nehra,Batter,90,51.72413793,174,115,3363,3745,579,579,0,360,219,2,India,0.782608696
424,424,424,424,893,Bilawal Bhatti,Batter,89,115.5844156,77,7,448,420,449,449,0,220,229,0,Pakistan,12.71428571
425,425,425,425,895,SSD Arachchige,Batter,89,66.41791045,134,1,28,42,324,324,0,153,171,0,Sri Lanka,89.0
426,426,426,426,897,S Tippoch,Batter,89,39.38053097,226,9,100,211,9,9,0,8,1,0,Thailand,9.888888889
427,427,427,427,898,Z James,Batter,89,36.7768595,242,13,235,304,417,417,0,162,255,0,West Indies,6.846153846
428,428,428,428,899,Nashra Sandhu,Batter,89,27.55417957,323,87,2413,3282,463,463,0,223,240,0,Pakistan,1.022988506
429,429,429,429,903,T Mupariwa,Batter,87,41.82692308,208,39,1225,1417,266,266,0,64,202,0,Zimbabwe,2.230769231
430,430,430,430,906,NE Bonner,Batter,85,60.71428571,140,1,56,67,384,384,0,151,233,0,West Indies,85.0
431,431,431,431,907,J Sumerauer,Batter,84,113.5135135,74,10,213,246,4,4,0,1,3,0,Jersey,8.4
432,432,432,432,908,SI Mahmood,Batter,84,84.84848485,99,38,1145,1238,509,509,0,291,218,2,England,2.210526316
433,433,433,433,911,GT Main,Batter,82,92.13483146,89,33,609,695,95,95,0,51,44,1,Scotland,2.484848485
434,434,434,434,914,S Nitschke,Batter,81,96.42857143,84,1,73,93,416,416,0,296,120,1,Australia,81.0
435,435,435,435,915,Mohammad Wasim,Batter,80,91.95402299,87,36,858,927,461,461,0,222,239,0,Pakistan,2.222222222
436,436,436,436,918,GR Codrington,Batter,80,65.04065041,123,9,267,307,38,38,0,10,28,1,Canada,8.888888889
437,437,437,437,922,D Langford-Smith,Batter,79,94.04761905,84,10,362,489,152,152,0,53,99,0,Ireland,7.9
438,438,438,438,924,AI Chudasama,Batter,79,74.52830189,106,10,250,405,57,57,0,27,30,0,United States of America,7.9
439,439,439,439,925,UT Yadav,Batter,79,58.08823529,136,116,3659,3701,565,565,0,349,216,0,India,0.681034483
440,440,440,440,926,JP Greaves,Batter,79,57.66423358,137,1,95,86,388,388,0,152,236,0,West Indies,79.0
441,441,441,441,927,E Schiferli,Batter,79,56.42857143,140,8,331,388,87,87,0,26,61,0,Netherlands,9.875
442,442,442,442,934,WB Rankin,Batter,78,42.62295082,183,67,1996,2489,164,164,0,60,104,0,Ireland,1.164179104
443,443,443,443,938,GM Ewing,Batter,77,66.95652174,115,6,186,273,232,232,0,57,175,0,Zimbabwe,12.83333333
444,444,444,444,940,S Gajnabi,Batter,77,41.62162162,185,5,130,148,417,417,0,162,255,0,West Indies,15.4
445,445,445,445,941,Syed Rasel,Batter,76,45.23809524,168,53,1634,2095,343,343,0,134,209,0,Bangladesh,1.433962264
446,446,446,446,942,KW Richardson,Batter,75,107.1428571,70,45,1251,1338,531,531,0,370,161,1,Australia,1.666666667
447,447,447,447,949,MM Patel,Batter,74,64.9122807,114,93,2614,3188,579,579,0,360,219,2,India,0.795698925
448,448,448,448,950,DS Bajwa,Batter,74,60.16260163,123,1,27,25,39,39,0,10,29,0,Canada,74.0
449,449,449,449,953,Kaleem Sana,Batter,73,75.25773196,97,27,561,813,50,50,0,17,33,0,Canada,2.703703704
450,450,450,450,954,Waheed Ahmed,Batter,73,55.72519084,131,1,94,125,86,86,0,29,57,0,United Arab Emirates,73.0
451,451,451,451,955,C Sutthiruang,Batter,73,54.88721805,133,7,149,246,9,9,0,8,1,0,Thailand,10.42857143
452,452,452,452,958,TL Best,Batter,72,63.15789474,114,36,994,1175,416,416,0,162,254,0,West Indies,2.0
453,453,453,453,959,DR Brown,Batter,72,62.60869565,115,3,163,140,78,78,0,43,35,0,Scotland,24.0
454,454,454,454,960,SD Outerbridge,Batter,72,48.97959184,147,1,11,6,12,12,0,2,10,0,Bermuda,72.0
455,455,455,455,962,Wasim Akram,Batter,71,98.61111111,72,12,216,314,426,426,0,209,217,1,Pakistan,5.916666667
456,456,456,456,964,TK Patel,Batter,71,47.65100671,149,5,120,176,61,61,0,29,32,0,United States of America,14.2
457,457,457,457,965,V Araa,Batter,71,39.66480447,179,11,221,322,56,56,0,10,46,0,Papua New Guinea,6.454545455
458,458,458,458,966,Mohammad Aadil Alam,Batter,70,85.36585366,82,9,166,272,65,65,0,33,32,0,Nepal,7.777777778
459,459,459,459,968,Haris Rauf,Batter,70,75.2688172,93,79,2029,2113,461,461,0,222,239,3,Pakistan,0.886075949
460,460,460,460,970,N Dutta,Batter,70,57.37704918,122,2,177,236,50,50,0,17,33,0,Canada,35.0
461,461,461,461,974,B Ward,Batter,69,65.09433962,106,4,186,183,4,4,0,1,3,0,Jersey,17.25
462,462,462,462,975,Shakeel Ahmed,Batter,69,52.27272727,132,17,193,402,49,49,0,27,22,2,Oman,4.058823529
463,463,463,463,978,AS van Beuge,Batter,68,34.69387755,196,8,159,183,85,85,0,25,60,0,Netherlands,8.5
464,464,464,464,979,RC Irani,Batter,67,53.6,125,8,288,355,457,457,0,262,195,0,England,8.375
465,465,465,465,985,CD de Lange,Batter,65,69.14893617,94,15,211,264,98,98,0,53,45,0,Scotland,4.333333333
466,466,466,466,987,S Molineux,Batter,64,83.11688312,77,23,339,613,484,484,0,338,146,1,Australia,2.782608696
467,467,467,467,988,Yasir Arafat,Batter,64,62.13592233,103,2,327,355,423,423,0,207,216,0,Pakistan,32.0
468,468,468,468,990,AR Caddick,Batter,64,54.23728814,118,18,389,604,457,457,0,262,195,1,England,3.555555556
469,469,469,469,991,N Boochatham,Batter,64,41.83006536,153,10,165,356,9,9,0,8,1,0,Thailand,6.4
470,470,470,470,993,AAP Atkinson,Batter,63,114.5454545,55,11,395,399,444,444,0,253,191,0,England,5.727272727
471,471,471,471,994,L Tshuma,Batter,63,38.65030675,163,10,328,466,270,270,0,65,205,0,Zimbabwe,6.3
472,472,472,472,997,CS Fraser,Batter,62,46.26865672,134,9,358,409,417,417,0,162,255,0,West Indies,6.888888889
473,473,473,473,999,K Klein,Batter,61,69.31818182,88,17,266,351,90,90,0,29,61,0,Netherlands,3.588235294
474,474,474,474,1000,S Laomi,Batter,61,54.95495495,111,16,176,295,9,9,0,8,1,0,Thailand,3.8125
475,475,475,475,1001,G Sultana,Batter,61,36.96969697,165,12,338,518,561,561,0,347,214,0,India,5.083333333
476,476,476,476,1003,TG Norris,Batter,59,101.7241379,58,7,191,268,57,57,0,27,30,0,United States of America,8.428571429
477,477,477,477,1007,MR Swart,Batter,59,75.64102564,78,2,116,144,69,69,0,22,47,0,Netherlands,29.5
478,478,478,478,1009,Shaila Sharmin,Batter,59,60.20408163,98,1,79,97,272,272,0,97,175,0,Bangladesh,59.0
479,479,479,479,1010,HJ Thomas,Batter,59,48.36065574,122,9,246,392,56,56,0,10,46,0,Papua New Guinea,6.555555556
480,480,480,480,1011,D Parashar,Batter,58,65.16853933,89,5,93,192,69,69,0,26,43,0,United Arab Emirates,11.6
481,481,481,481,1015,LL Tsotsobe,Batter,58,51.32743363,113,102,2360,2988,463,463,0,284,179,3,South Africa,0.568627451
482,482,482,482,1018,AJ Tye,Batter,57,118.75,48,15,396,400,501,501,0,350,151,0,Australia,3.8
483,483,483,483,1023,RK Singh,Batter,55,127.9069767,43,1,2,6,580,580,0,360,220,0,India,55.0
484,484,484,484,1026,AB Kaur,Batter,55,50.4587156,109,6,197,226,398,398,0,241,157,0,India,9.166666667
485,485,485,485,1028,Kabir Ali,Batter,54,93.10344828,58,21,648,640,518,518,0,295,223,0,England,2.571428571
486,486,486,486,1029,A Nao,Batter,54,76.05633803,71,20,724,871,63,63,0,12,51,1,Papua New Guinea,2.7
487,487,487,487,1030,A Mazvishaya,Batter,54,44.62809917,121,12,350,491,270,270,0,65,205,0,Zimbabwe,4.5
488,488,488,488,1031,Mohammad Hasnain,Batter,53,155.8823529,34,20,705,695,461,461,0,222,239,0,Pakistan,2.65
489,489,489,489,1032,BCJ Cutting,Batter,53,79.10447761,67,5,160,220,463,463,0,323,140,0,Australia,10.6
490,490,490,490,1034,P Maya,Batter,53,50.47619048,105,9,165,226,9,9,0,8,1,0,Thailand,5.888888889
491,491,491,491,1038,KE Ebrahim,Batter,52,54.73684211,95,4,83,110,238,238,0,124,114,0,New Zealand,13.0
492,492,492,492,1041,AA Paradkar,Batter,51,60.0,85,9,245,224,49,49,0,24,25,0,United States of America,5.666666667
493,493,493,493,1042,RN Bhatia,Batter,51,44.73684211,114,3,337,348,92,92,0,31,61,0,United Arab Emirates,17.0
494,494,494,494,1045,RTM Mendis,Batter,50,100.0,50,4,74,77,204,204,0,92,112,0,Sri Lanka,12.5
495,495,495,495,1050,LHD Dilhara,Batter,49,81.66666667,60,3,101,126,245,245,0,114,131,0,Sri Lanka,16.33333333
496,496,496,496,1051,KO Meth,Batter,49,52.68817204,93,10,416,400,210,210,0,54,156,0,Zimbabwe,4.9
497,497,497,497,1056,G Kodali,Batter,46,60.52631579,76,7,275,306,57,57,0,27,30,1,United States of America,6.571428571
498,498,498,498,1060,SZ Thakor,Batter,46,45.09803922,102,10,378,442,490,490,0,303,187,0,India,4.6
499,499,499,499,1061,PP Ojha,Batter,46,40.35087719,114,21,660,882,565,565,0,349,216,0,India,2.19047619
500,500,500,500,1062,AE Smith,Batter,45,150.0,30,4,51,115,389,389,0,238,151,0,South Africa,11.25
501,501,501,501,1063,TH David,Batter,45,80.35714286,56,1,20,12,483,483,0,337,146,0,Australia,45.0
502,502,502,502,1067,IM Vaghela,Batter,45,49.45054945,91,4,221,280,57,57,0,27,30,0,United States of America,11.25
503,503,503,503,1069,M Dillon,Batter,44,84.61538462,52,25,737,980,424,424,0,164,260,0,West Indies,1.76
504,504,504,504,1071,S Sreesanth,Batter,44,35.2,125,81,2388,2481,579,579,0,360,219,1,India,0.543209877
505,505,505,505,1072,NA de Groot,Batter,44,33.84615385,130,3,88,81,49,49,0,16,33,0,Canada,14.66666667
506,506,506,506,1073,RP Lefebvre,Batter,43,63.23529412,68,4,126,199,75,75,0,22,53,0,Netherlands,10.75
507,507,507,507,1078,NE Farrant,Batter,41,64.0625,64,4,179,218,395,395,0,232,163,0,England,10.25
508,508,508,508,1080,JL Pattinson,Batter,41,51.25,80,13,652,705,460,460,0,321,139,0,Australia,3.153846154
509,509,509,509,1082,I Toua,Batter,41,41.0,100,11,288,395,56,56,0,10,46,1,Papua New Guinea,3.727272727
510,510,510,510,1083,TD Smartt,Batter,40,61.53846154,65,12,319,508,365,365,0,143,222,0,West Indies,3.333333333
511,511,511,511,1084,N Mlaba,Batter,40,58.82352941,68,24,1083,1365,471,471,0,290,181,0,South Africa,1.666666667
512,512,512,512,1086,NB Mahwire,Batter,40,37.03703704,108,8,297,389,249,249,0,60,189,0,Zimbabwe,5.0
513,513,513,513,1087,SJ Tsukigawa,Batter,39,55.71428571,70,2,20,48,329,329,0,170,159,0,New Zealand,19.5
514,514,514,514,1088,Usama Mir,Batter,38,126.6666667,30,15,507,521,461,461,0,222,239,0,Pakistan,2.533333333
515,515,515,515,1089,TB Sole,Batter,38,102.7027027,37,9,291,412,101,101,0,54,47,1,Scotland,4.222222222
516,516,516,516,1090,N M'shangwe,Batter,38,86.36363636,44,2,165,219,140,140,0,33,107,0,Zimbabwe,19.0
517,517,517,517,1091,T Granger,Batter,38,65.51724138,58,2,112,108,270,270,0,65,205,0,Zimbabwe,19.0
518,518,518,518,1092,PP Chawla,Batter,38,63.33333333,60,33,1131,1330,546,546,0,337,209,0,India,1.151515152
519,519,519,519,1093,CS Terblanche,Batter,38,58.46153846,65,1,35,81,389,389,0,238,151,0,South Africa,38.0
520,520,520,520,1095,TMM Newton,Batter,38,48.10126582,79,6,251,354,351,351,0,182,169,0,New Zealand,6.333333333
521,521,521,521,1096,R Klein,Batter,38,46.91358025,81,12,496,615,79,79,0,23,56,0,Netherlands,3.166666667
522,522,522,522,1097,N Shangase,Batter,38,38.7755102,98,6,404,467,453,453,0,278,175,0,South Africa,6.333333333
523,523,523,523,1098,Qaiser Ali,Batter,38,38.7755102,98,1,55,89,37,37,0,9,28,0,Canada,38.0
524,524,524,524,1099,Arshdeep Singh,Batter,37,108.8235294,34,14,296,365,580,580,0,360,220,1,India,2.642857143
525,525,525,525,1100,TS Roland-Jones,Batter,37,97.36842105,38,1,34,42,85,85,0,48,37,0,England,37.0
526,526,526,526,1101,DM Kimmince,Batter,37,71.15384615,52,7,96,146,527,527,0,367,160,1,Australia,5.285714286
527,527,527,527,1102,Hasan Mahmud,Batter,37,48.05194805,77,29,873,886,327,327,0,127,200,1,Bangladesh,1.275862069
528,528,528,528,1103,LN Rajbanshi,Batter,37,23.71794872,156,42,893,1388,59,59,0,30,29,0,Nepal,0.880952381
529,529,529,529,1104,DNT Zoysa,Batter,36,65.45454545,55,23,560,750,457,457,0,214,243,1,Sri Lanka,1.565217391
530,530,530,530,1108,Zulfiqar Babar,Batter,35,87.5,40,4,247,297,430,430,0,211,219,0,Pakistan,8.75
531,531,531,531,1109,O Kamchomphu,Batter,35,57.37704918,61,15,162,349,9,9,0,8,1,0,Thailand,2.333333333
532,532,532,532,1122,PRP Boissevain,Batter,33,57.89473684,57,1,192,133,77,77,0,23,54,0,Netherlands,33.0
533,533,533,533,1124,A Codrington,Batter,33,41.7721519,79,6,169,187,49,49,0,16,33,1,Canada,5.5
534,534,534,534,1126,J Overton,Batter,32,145.4545455,22,1,17,26,495,495,0,284,211,0,England,32.0
535,535,535,535,1127,DO Leicher,Batter,32,103.2258065,31,1,56,57,10,10,0,7,3,0,Namibia,32.0
536,536,536,536,1128,MK Villiers,Batter,32,100.0,32,5,83,93,490,490,0,282,208,0,England,6.4
537,537,537,537,1130,GA Rogers,Batter,32,64.0,50,5,138,154,78,78,0,43,35,0,Scotland,6.4
538,538,538,538,1132,Qanita Jalil,Batter,32,50.0,64,6,171,323,456,456,0,221,235,0,Pakistan,5.333333333
539,539,539,539,1134,O Bell,Batter,32,41.55844156,77,3,164,288,97,97,0,52,45,0,Scotland,10.66666667
540,540,540,540,1136,CW Perchard,Batter,31,88.57142857,35,7,174,216,4,4,0,1,3,0,Jersey,4.428571429
541,541,541,541,1139,EC Rainsford,Batter,31,30.09708738,103,17,805,1070,261,261,0,62,199,0,Zimbabwe,1.823529412
542,542,542,542,1140,T Putthawong,Batter,31,24.8,125,18,230,462,9,9,0,8,1,0,Thailand,1.722222222
543,543,543,543,1141,PJC Hoffmann,Batter,30,130.4347826,23,1,177,196,78,78,0,43,35,0,Scotland,30.0
544,544,544,544,1151,A Neill,Batter,29,67.44186047,43,15,345,448,95,95,0,51,44,1,Scotland,1.933333333
545,545,545,545,1152,M van Jaarsveld,Batter,29,50.87719298,57,1,20,32,437,437,0,270,167,0,South Africa,29.0
546,546,546,546,1155,SA Fritz,Batter,28,53.84615385,52,5,38,125,389,389,0,238,151,0,South Africa,5.6
547,547,547,547,1156,SP de Alwis,Batter,28,52.83018868,53,1,93,110,340,340,0,160,180,0,Sri Lanka,28.0
548,548,548,548,1157,Sadia Iqbal,Batter,28,50.0,56,31,671,1105,463,463,0,223,240,0,Pakistan,0.903225806
549,549,549,549,1158,J Jarvis,Batter,28,47.45762712,59,7,192,202,63,63,0,35,28,0,Scotland,4.0
550,550,550,550,1160,Ehsanul Haque,Batter,28,36.84210526,76,2,37,61,108,108,0,35,73,0,Bangladesh,14.0
551,551,551,551,1162,PM Liyanagamage,Batter,28,33.33333333,84,5,271,229,380,380,0,180,200,0,Sri Lanka,5.6
552,552,552,552,1163,GF Linde,Batter,27,87.09677419,31,3,73,91,238,238,0,146,92,0,South Africa,9.0
553,553,553,553,1164,Ehsan Adil,Batter,27,62.79069767,43,4,229,229,460,460,0,222,238,0,Pakistan,6.75
554,554,554,554,1167,B Fernando,Batter,26,70.27027027,37,2,140,159,335,335,0,160,175,0,Sri Lanka,13.0
555,555,555,555,1168,Shahid Ahmadzai,Batter,26,66.66666667,39,1,94,169,33,33,0,9,24,0,Canada,26.0
556,556,556,556,1169,NG Smith,Batter,26,65.0,40,6,230,208,401,401,0,208,193,0,New Zealand,4.333333333
557,557,557,557,1170,S Thuraisingam,Batter,26,55.31914894,47,6,162,191,49,49,0,16,33,0,Canada,4.333333333
558,558,558,558,1173,Faisal Hossain,Batter,26,48.14814815,54,1,54,73,306,306,0,112,194,0,Bangladesh,26.0
559,559,559,559,1174,Wasim Ali,Batter,26,45.61403509,57,1,31,29,37,37,0,21,16,0,Oman,26.0
560,560,560,560,1176,MS Panesar,Batter,26,28.26086957,92,30,1000,1314,509,509,0,291,218,0,England,0.866666667
561,561,561,561,1177,SW Tait,Batter,25,86.20689655,29,66,1533,1833,545,545,0,381,164,2,Australia,0.378787879
562,562,562,562,1178,A Patel,Batter,25,83.33333333,30,3,73,66,40,40,0,10,30,0,Canada,8.333333333
563,563,563,563,1180,HDRS Silva,Batter,25,54.34782609,46,2,83,80,468,468,0,217,251,0,Sri Lanka,12.5
564,564,564,564,1182,T Kamungozi,Batter,25,44.64285714,56,12,500,580,246,246,0,58,188,0,Zimbabwe,2.083333333
565,565,565,565,1186,N Niranjana,Batter,24,40.0,60,15,340,476,561,561,0,347,214,0,India,1.6
566,566,566,566,1188,TS Sekhukhune,Batter,24,28.23529412,85,27,875,1150,464,464,0,285,179,0,South Africa,0.888888889
567,567,567,567,1191,Avesh Khan,Batter,23,76.66666667,30,9,330,371,580,580,0,360,220,0,India,2.555555556
568,568,568,568,1195,Nestor Dhamba,Batter,23,44.23076923,52,11,210,308,50,50,0,27,23,0,Oman,2.090909091
569,569,569,569,1197,TJ Heggelman,Batter,23,32.3943662,71,2,34,42,69,69,0,22,47,0,Netherlands,11.5
570,570,570,570,1198,RL Bhudia,Batter,22,146.6666667,15,1,23,48,32,32,0,11,21,0,Kenya,22.0
571,571,571,571,1200,PKD Chase,Batter,22,66.66666667,33,19,776,668,159,159,0,56,103,0,Ireland,1.157894737
572,572,572,572,1203,S Bhari,Batter,22,42.30769231,52,15,246,402,65,65,0,33,32,0,Nepal,1.466666667
573,573,573,573,1204,E Mbofana,Batter,22,39.28571429,56,5,250,269,270,270,0,65,205,0,Zimbabwe,4.4
574,574,574,574,1206,Mosharraf Hossain,Batter,22,34.375,64,1,124,153,247,247,0,88,159,0,Bangladesh,22.0
575,575,575,575,1207,O Thomas,Batter,22,28.20512821,78,30,998,931,418,418,0,162,256,2,West Indies,0.733333333
576,576,576,576,1209,BA Langston,Batter,21,95.45454545,22,2,70,138,489,489,0,282,207,0,England,10.5
577,577,577,577,1210,JP Behrendorff,Batter,21,91.30434783,23,16,581,656,474,474,0,332,142,0,Australia,1.3125
578,578,578,578,1211,AC Cummins,Batter,21,91.30434783,23,4,181,203,38,38,0,10,28,0,Canada,5.25
579,579,579,579,1213,AB Dinda,Batter,21,55.26315789,38,14,618,613,565,565,0,349,216,0,India,1.5
580,580,580,580,1214,J Patraj,Batter,21,43.75,48,2,76,92,32,32,0,9,23,0,Canada,10.5
581,581,581,581,1215,CJ Metcalfe,Batter,21,38.88888889,54,5,268,358,139,139,0,47,92,0,Ireland,4.2
582,582,582,582,1216,E Otieno,Batter,21,36.84210526,57,15,479,463,29,29,0,10,19,1,Kenya,1.4
583,583,583,583,1218,S Nisansala,Batter,20,90.90909091,22,8,209,269,482,482,0,223,259,1,Sri Lanka,2.5
584,584,584,584,1224,C Viljoen,Batter,19,82.60869565,23,2,14,32,50,50,0,24,26,0,Namibia,9.5
585,585,585,585,1225,AG Wharf,Batter,19,65.51724138,29,18,403,562,483,483,0,276,207,1,England,1.055555556
586,586,586,586,1226,GP Tom,Batter,19,55.88235294,34,4,127,184,56,56,0,10,46,0,Papua New Guinea,4.75
587,587,587,587,1229,Tanvir Ahmed,Batter,18,150.0,12,1,45,37,411,411,0,203,208,0,Pakistan,18.0
588,588,588,588,1230,SG Borthwick,Batter,18,112.5,16,1,72,54,292,292,0,173,119,0,England,18.0
589,589,589,589,1231,TL Chivanga,Batter,18,85.71428571,21,4,187,189,273,273,0,66,207,0,Zimbabwe,4.5
590,590,590,590,1233,SSB Magala,Batter,18,72.0,25,15,384,362,419,419,0,259,160,2,South Africa,1.2
591,591,591,591,1236,I Wardlaw,Batter,18,54.54545455,33,18,596,622,100,100,0,53,47,0,Scotland,1.0
592,592,592,592,1237,W Sutherland,Batter,18,54.54545455,33,2,35,53,488,488,0,340,148,0,Australia,9.0
593,593,593,593,1238,TCB Fernando,Batter,18,46.15384615,39,1,182,220,509,509,0,236,273,0,Sri Lanka,18.0
594,594,594,594,1242,SI Kamea,Batter,18,32.72727273,55,28,797,950,63,63,0,12,51,0,Papua New Guinea,0.642857143
595,595,595,595,1244,R MacDonald-Gay,Batter,17,121.4285714,14,1,55,69,490,490,0,282,208,0,England,17.0
596,596,596,596,1246,JA Clarkson,Batter,17,70.83333333,24,4,73,75,326,326,0,169,157,0,New Zealand,4.25
597,597,597,597,1247,Waqar Younis,Batter,17,68.0,25,7,181,189,426,426,0,209,217,0,Pakistan,2.428571429
598,598,598,598,1250,Saqlain Mushtaq,Batter,17,43.58974359,39,4,132,166,426,426,0,209,217,0,Pakistan,4.25
599,599,599,599,1252,B Shikongo,Batter,17,31.48148148,54,25,755,796,49,49,0,24,25,0,Namibia,0.68
600,600,600,600,1260,SK Dolawatte,Batter,16,28.57142857,56,3,56,78,464,464,0,216,248,0,Sri Lanka,5.333333333
601,601,601,601,1262,SE Aley,Batter,15,187.5,8,2,29,63,62,62,0,41,21,0,Australia,7.5
602,602,602,602,1263,IECM Wong,Batter,15,166.6666667,9,4,122,118,428,428,0,246,182,0,England,3.75
603,603,603,603,1264,Zafar Gohar,Batter,15,100.0,15,2,56,61,437,437,0,212,225,0,Pakistan,7.5
604,604,604,604,1265,SA Millanta,Batter,15,78.94736842,19,3,164,153,495,495,0,346,149,0,Australia,5.0
605,605,605,605,1267,RD Steede,Batter,15,68.18181818,22,1,54,84,2,2,0,1,1,0,Bermuda,15.0
606,606,606,606,1269,JB Reva,Batter,15,55.55555556,27,6,165,192,49,49,0,9,40,0,Papua New Guinea,2.5
607,607,607,607,1278,Muhammad Jawadullah,Batter,14,93.33333333,15,7,316,288,92,92,0,31,61,0,United Arab Emirates,2.0
608,608,608,608,1284,FC Jonas,Batter,14,24.56140351,57,18,820,1077,428,428,0,222,206,0,New Zealand,0.777777778
609,609,609,609,1285,L Cheatle,Batter,13,100.0,13,2,142,154,428,428,0,303,125,0,Australia,6.5
610,610,610,610,1287,HHC Gunaratne,Batter,13,65.0,20,8,169,205,372,372,0,175,197,1,Sri Lanka,1.625
611,611,611,611,1288,GM Harris,Batter,13,59.09090909,22,8,144,249,450,450,0,315,135,0,Australia,1.625
612,612,612,612,1289,OEG Baartman,Batter,13,54.16666667,24,6,103,154,424,424,0,262,162,0,South Africa,2.166666667
613,613,613,613,1290,RD Chahar,Batter,13,50.0,26,3,58,62,75,75,0,41,34,0,India,4.333333333
614,614,614,614,1292,D Joseph,Batter,13,40.625,32,5,174,202,29,29,0,8,21,0,Canada,2.6
615,615,615,615,1294,I van der Woning,Batter,13,37.14285714,35,2,140,142,85,85,0,25,60,0,Netherlands,6.5
616,616,616,616,1296,MMA Jonkman,Batter,13,34.21052632,38,1,21,26,11,11,0,4,7,0,Netherlands,13.0
617,617,617,617,1297,FR Davies,Batter,13,30.95238095,42,11,316,439,476,476,0,273,203,0,England,1.181818182
618,618,618,618,1300,TS Nethula,Batter,12,109.0909091,11,5,250,268,359,359,0,185,174,0,New Zealand,2.4
619,619,619,619,1303,HRA Rainey,Batter,12,34.28571429,35,9,145,172,97,97,0,52,45,0,Scotland,1.333333333
620,620,620,620,1304,AH Maqsood,Batter,12,33.33333333,36,20,257,383,97,97,0,52,45,1,Scotland,0.6
621,621,621,621,1307,MM Penfold,Batter,12,23.07692308,52,10,447,540,428,428,0,222,206,0,New Zealand,1.2
622,622,622,622,1308,AJ Ireland,Batter,12,18.75,64,16,612,674,249,249,0,60,189,0,Zimbabwe,0.75
623,623,623,623,1309,SC Kuggeleijn,Batter,11,183.3333333,6,5,62,87,415,415,0,218,197,0,New Zealand,2.2
624,624,624,624,1311,Javeria Rauf,Batter,11,68.75,16,1,47,40,456,456,0,221,235,0,Pakistan,11.0
625,625,625,625,1312,S Siegers,Batter,11,57.89473684,19,9,243,283,85,85,0,25,60,0,Netherlands,1.222222222
626,626,626,626,1314,MG Neser,Batter,11,37.93103448,29,3,239,224,512,512,0,356,156,0,Australia,3.666666667
627,627,627,627,1316,A Ashok,Batter,10,83.33333333,12,1,65,61,245,245,0,127,118,0,New Zealand,10.0
628,628,628,628,1317,GC Tonge,Batter,10,62.5,16,6,229,307,355,355,0,138,217,0,West Indies,1.666666667
629,629,629,629,1318,Mukesh Kumar,Batter,10,58.82352941,17,5,221,249,580,580,0,360,220,0,India,2.0
630,630,630,630,1322,SW Currie,Batter,10,52.63157895,19,3,87,126,85,85,0,46,39,0,Scotland,3.333333333
631,631,631,631,1325,A Martin,Batter,10,34.48275862,29,13,300,447,422,422,0,163,259,1,West Indies,0.769230769
632,632,632,632,1326,T Muzarabani,Batter,10,31.25,32,8,195,256,267,267,0,64,203,0,Zimbabwe,1.25
633,633,633,633,1328,MA Aponso,Batter,10,22.22222222,45,10,381,431,498,498,0,231,267,0,Sri Lanka,1.0
634,634,634,634,1329,R Slater,Batter,9,90.0,10,1,35,51,15,15,0,11,4,0,Scotland,9.0
635,635,635,635,1330,Zahid Mahmood,Batter,9,75.0,12,4,221,218,317,317,0,160,157,0,Pakistan,2.25
636,636,636,636,1332,HR Johnson,Batter,9,42.85714286,21,1,70,67,58,58,0,27,31,0,United States of America,9.0
637,637,637,637,1334,BJ Currie,Batter,9,40.90909091,22,18,266,411,85,85,0,46,39,1,Scotland,0.5
638,638,638,638,1339,KE Broadmore,Batter,9,26.47058824,34,1,61,74,149,149,0,79,70,0,New Zealand,9.0
639,639,639,639,1341,C Abel,Batter,9,19.14893617,47,5,96,156,79,79,0,43,36,0,Scotland,1.8
640,640,640,640,1346,JI de Villiers,Batter,8,50.0,16,3,140,126,49,49,0,24,25,0,Namibia,2.666666667
641,641,641,641,1348,KK Ahmed,Batter,8,47.05882353,17,14,423,435,560,560,0,347,213,0,India,0.571428571
642,642,642,642,1349,CA Reid,Batter,8,44.44444444,18,1,64,81,58,58,0,27,31,0,United States of America,8.0
643,643,643,643,1357,R Ntozakhe,Batter,8,26.66666667,30,21,582,912,464,464,0,285,179,0,South Africa,0.380952381
644,644,644,644,1359,SKW Kelly,Batter,7,140.0,5,2,74,84,5,5,0,2,3,0,Bermuda,3.5
645,645,645,645,1360,DSK Madushanka,Batter,7,116.6666667,6,3,26,39,294,294,0,137,157,0,Sri Lanka,2.333333333
646,646,646,646,1369,Hasibul Hossain,Batter,7,30.43478261,23,1,121,107,239,239,0,85,154,0,Bangladesh,7.0
647,647,647,647,1373,S Dhakal,Batter,7,15.90909091,44,4,149,229,43,43,0,19,24,0,Nepal,1.75
648,648,648,648,1377,MJ Humphreys,Batter,6,66.66666667,9,1,113,109,143,143,0,50,93,0,Ireland,6.0
649,649,649,649,1378,MT Chinouya,Batter,6,66.66666667,9,1,50,68,234,234,0,57,177,0,Zimbabwe,6.0
650,650,650,650,1381,TJG Pringle,Batter,6,42.85714286,14,2,222,200,41,41,0,14,27,0,Netherlands,3.0
651,651,651,651,1382,J Logtenberg,Batter,6,40.0,15,3,18,36,384,384,0,234,150,0,South Africa,2.0
652,652,652,652,1386,AK Peters,Batter,6,20.68965517,29,1,72,88,390,390,0,152,238,0,West Indies,6.0
653,653,653,653,1387,Joginder Sharma,Batter,5,250.0,2,1,50,68,304,304,0,174,130,0,India,5.0
654,654,654,654,1388,RT Lyons,Batter,5,166.6666667,3,1,41,62,27,27,0,17,10,0,Scotland,5.0
655,655,655,655,1390,MKDI Amerasinghe,Batter,5,71.42857143,7,10,339,391,427,427,0,200,227,0,Sri Lanka,0.5
656,656,656,656,1392,Jubair Hossain,Batter,5,50.0,10,4,115,115,281,281,0,101,180,0,Bangladesh,1.25
657,657,657,657,1395,RK Whelan,Batter,5,41.66666667,12,2,105,95,128,128,0,43,85,0,Ireland,2.5
658,658,658,658,1398,SG Whittingham,Batter,5,33.33333333,15,6,192,226,96,96,0,51,45,0,Scotland,0.833333333
659,659,659,659,1399,W O'Rourke,Batter,5,33.33333333,15,8,258,287,401,401,0,208,193,0,New Zealand,0.625
660,660,660,660,1403,K Sonavale,Batter,5,17.24137931,29,2,4,15,29,29,0,15,14,0,Oman,2.5
661,661,661,661,1404,P Roy,Batter,5,14.70588235,34,1,28,34,231,231,0,133,98,0,India,5.0
662,662,662,662,1405,CK Hooper,Batter,4,133.3333333,3,1,89,72,46,46,0,15,31,0,Canada,4.0
663,663,663,663,1406,A van der Merwe,Batter,4,100.0,4,2,79,126,140,140,0,47,93,0,Ireland,2.0
664,664,664,664,1407,H Graham,Batter,4,80.0,5,1,30,48,491,491,0,343,148,0,Australia,4.0
665,665,665,665,1408,Nahid Rana,Batter,4,80.0,5,2,86,104,167,167,0,60,107,0,Bangladesh,2.0
666,666,666,666,1412,S Immadi,Batter,4,44.44444444,9,4,156,272,57,57,0,27,30,0,United States of America,1.0
667,667,667,667,1415,Sania Khan,Batter,4,33.33333333,12,2,76,111,416,416,0,205,211,0,Pakistan,2.0
668,668,668,668,1416,RW Staple,Batter,4,30.76923077,13,2,78,61,58,58,0,27,31,0,United States of America,2.0
669,669,669,669,1418,BB Seebaran,Batter,4,28.57142857,14,1,132,108,40,40,0,10,30,0,Canada,4.0
670,670,670,670,1419,H Durham,Batter,4,28.57142857,14,2,48,62,5,5,0,2,3,0,Bermuda,2.0
671,671,671,671,1424,Z Groenewald,Batter,4,21.05263158,19,6,110,151,52,52,0,25,27,0,Namibia,0.666666667
672,672,672,672,1426,PLS Gamage,Batter,4,14.81481481,27,10,397,418,454,454,0,212,242,0,Sri Lanka,0.4
673,673,673,673,1427,HL Baker,Batter,3,100.0,3,1,78,82,490,490,0,282,208,0,England,3.0
674,674,674,674,1429,S Sriram,Batter,3,60.0,5,3,43,56,304,304,0,174,130,0,India,1.0
675,675,675,675,1432,J Yadav,Batter,3,42.85714286,7,1,61,86,343,343,0,202,141,0,India,3.0
676,676,676,676,1433,PT Collins,Batter,3,30.0,10,12,354,442,424,424,0,164,260,0,West Indies,0.25
677,677,677,677,1434,D Soraine,Batter,3,30.0,10,1,38,55,32,32,0,9,23,0,Canada,3.0
678,678,678,678,1435,B Siddharth,Batter,3,30.0,10,2,26,57,29,29,0,15,14,0,Oman,1.5
679,679,679,679,1437,D Gamage,Batter,3,27.27272727,11,1,59,70,331,331,0,158,173,0,Sri Lanka,3.0
680,680,680,680,1439,KHRK Fernando,Batter,3,20.0,15,1,41,68,467,467,0,217,250,0,Sri Lanka,3.0
681,681,681,681,1440,O Chare,Batter,3,16.66666667,18,3,91,116,237,237,0,57,180,0,Zimbabwe,1.0
682,682,682,682,1441,Ebadat Hossain,Batter,3,16.66666667,18,21,453,505,282,282,0,102,180,0,Bangladesh,0.142857143
683,683,683,683,1445,K Kamyuka,Batter,2,100.0,2,5,48,47,36,36,0,9,27,0,Canada,0.4
684,684,684,684,1446,K Gowtham,Batter,2,66.66666667,3,1,51,50,75,75,0,41,34,0,India,2.0
685,685,685,685,1447,C Prathyusha,Batter,2,66.66666667,3,1,60,56,52,52,0,32,20,0,India,2.0
686,686,686,686,1450,KR Sen,Batter,2,50.0,4,2,37,33,285,285,0,162,123,0,India,1.0
687,687,687,687,1451,JA Turner,Batter,2,40.0,5,2,70,70,495,495,0,284,211,0,England,1.0
688,688,688,688,1452,KC Hodsoll,Batter,2,33.33333333,6,1,28,30,8,8,0,2,6,0,Bermuda,2.0
689,689,689,689,1455,GH O'Brien,Batter,2,33.33333333,6,3,32,62,1,1,0,1,0,0,Bermuda,0.666666667
690,690,690,690,1456,Z Mali,Batter,2,28.57142857,7,4,81,139,464,464,0,285,179,0,South Africa,0.5
691,691,691,691,1458,BR Dorey,Batter,2,22.22222222,9,2,147,169,489,489,0,341,148,0,Australia,1.0
692,692,692,692,1461,JM Willathgamuwa,Batter,2,20.0,10,3,63,94,30,30,0,14,16,0,United States of America,0.666666667
693,693,693,693,1462,Umran Malik,Batter,2,18.18181818,11,13,408,381,551,551,0,339,212,0,India,0.153846154
694,694,694,694,1464,Akhil Kumar,Batter,2,18.18181818,11,4,84,106,27,27,0,7,20,0,Canada,0.5
695,695,695,695,1465,Tareq Aziz,Batter,2,18.18181818,11,2,35,53,48,48,0,14,34,0,Bangladesh,1.0
696,696,696,696,1466,PA Desai,Batter,2,16.66666667,12,6,115,181,46,46,0,15,31,0,Canada,0.333333333
697,697,697,697,1468,RA Lewis,Batter,2,15.38461538,13,1,31,31,139,139,0,47,92,0,Ireland,2.0
698,698,698,698,1472,M Prasidh Krishna,Batter,2,11.11111111,18,30,756,819,572,572,0,355,217,1,India,0.066666667
699,699,699,699,1473,SC Meaker,Batter,2,11.11111111,18,2,113,117,292,292,0,173,119,0,England,1.0
700,700,700,700,1477,G Onions,Batter,1,50.0,2,4,189,215,496,496,0,284,212,0,England,0.25
701,701,701,701,1478,JW Wilson,Batter,1,50.0,2,1,68,54,291,291,0,149,142,0,New Zealand,1.0
702,702,702,702,1479,LE Milliken,Batter,1,33.33333333,3,1,37,49,329,329,0,170,159,0,New Zealand,1.0
703,703,703,703,1481,G Fontenla,Batter,1,33.33333333,3,3,65,102,59,59,0,33,26,0,Scotland,0.333333333
704,704,704,704,1483,Khaled Ahmed,Batter,1,25.0,4,3,72,80,327,327,0,127,200,0,Bangladesh,0.333333333
705,705,705,705,1485,LC Romero,Batter,1,14.28571429,7,1,52,26,58,58,0,27,31,0,United States of America,1.0
706,706,706,706,1486,EJB Miles,Batter,1,14.28571429,7,4,117,120,4,4,0,1,3,0,Jersey,0.25
707,707,707,707,1490,K Mahato,Batter,1,10.0,10,2,77,85,40,40,0,18,22,0,Nepal,0.5
708,708,708,708,1491,W Mwayenga,Batter,1,9.090909091,11,1,86,74,131,131,0,32,99,0,Zimbabwe,1.0
709,709,709,709,1493,AD Janakanthymala,Batter,1,6.666666667,15,2,47,67,340,340,0,160,180,0,Sri Lanka,0.5
710,710,710,710,1497,SD Udal,Batter,0,0.0,2,1,29,42,503,503,0,288,215,0,England,0.0
711,711,711,711,1502,V Buruka,Batter,0,0.0,8,3,106,143,56,56,0,10,46,0,Papua New Guinea,0.0
712,712,712,712,1503,Fariha Trisna,Batter,0,0.0,14,6,144,208,314,314,0,118,196,0,Bangladesh,0.0
713,713,713,713,1506,F Hand,Batter,0,0.0,1,1,45,49,143,143,0,50,93,0,Ireland,0.0
714,714,714,714,1507,JS Ababu,Batter,0,0.0,9,1,75,81,35,35,0,11,24,0,Kenya,0.0
715,715,715,715,1512,K Phillip,Batter,0,0.0,2,3,159,171,53,53,0,24,29,0,United States of America,0.0
716,716,716,716,1516,OC McCoy,Batter,0,0.0,1,4,110,87,260,260,0,102,158,0,West Indies,0.0
717,717,717,717,1520,Shahbaz Ahmed,Batter,0,0.0,4,3,129,156,285,285,0,162,123,0,India,0.0
718,718,718,718,1521,Raza Hasan,Batter,0,0.0,3,2,68,62,199,199,0,99,100,0,Pakistan,0.0
719,719,719,719,1531,Sufiyan Muqeem,Batter,0,0.0,1,4,53,49,68,68,0,38,30,0,Pakistan,0.0
720,720,720,720,1535,C Sakariya,Batter,0,0.0,1,2,34,51,75,75,0,41,34,0,India,0.0
